26107927,2,29719,10,2014,310.86,0,0
34454721,0,43140,68,2015,151.82,4,6
34594198,0,13419,41,2016,0.08,0,0
34714092,0,486,3,2016,0.04,2,1
34801342,0,24956,14,2016,0.67,0,2
34890899,0,938,2,2016,0.12,1,2
35644264,0,8173,11,2016,82.38,0,0
36296760,0,7708,2,2016,0.01,1,2
37091899,0,49242,85,2016,0.09,0,0
37237245,0,5224,7,2016,61.36,0,2
37703886,0,3285,3,2016,0.03,0,0
37883129,0,487,0,2016,0.06,0,1
38088098,0,648,2,2016,0.67,0,0
38278409,0,1855,3,2016,0.77,3,0
38543850,0,34154,38,2016,7.07,4,0
38569663,0,1237,0,2016,0.11,0,2
38574068,0,1073,1,2016,1.92,0,0
38827264,0,3258,3,2016,1.97,0,0
39137597,0,6455,3,2016,0.19,2,5
39883715,0,469,0,2016,0.42,0,5
39934846,0,276,0,2016,0.06,0,2
40143019,0,1524,2,2016,0.15,0,0
40822234,0,7315,0,2016,1.4,0,0
41109652,0,3601,9,2016,1178.7,0,0
41178047,0,621,1,2016,0.19,0,0
41612057,0,16022,7,2017,0.18,0,2
41749674,0,3468,3,2017,0.98,0,2
41777019,0,253,0,2017,0.18,0,1
42147427,0,11127,8,2017,0.12,0,2
42160782,0,5103,3,2017,0.02,0,2
42809657,0,2978,6,2017,0.16,0,1
42987099,0,2905,2,2017,0.04,0,0
43065063,0,1303,2,2017,30.52,0,2
43136085,0,367,0,2017,0.07,0,0
43290364,0,1736,-1,2017,0.01,0,0
43336967,0,2146,0,2017,0.05,0,1
43396525,0,2470,1,2017,0.0,0,2
43533264,0,1220,2,2017,18.62,0,0
43784921,0,17616,26,2017,318.95,4,0
43916981,0,2900,1,2017,0.03,0,2
43967082,0,515,0,2017,0.04,0,2
44297268,0,529,1,2017,47.51,0,0
44298811,0,703,1,2017,1.67,0,1
44311244,0,277,5,2017,7.59,1,13
44430310,0,15717,11,2017,1.31,0,0
44841869,0,28677,18,2017,0.06,0,2
44992752,0,629,1,2017,0.12,4,0
45038327,0,5423,0,2017,0.05,0,2
45099554,1,1714,3,2017,179.3,0,0
45484726,0,4807,0,2017,0.01,0,2
45502264,0,651,1,2017,1.05,0,2
45525684,0,399,1,2017,0.07,1,2
45753153,0,1992,2,2017,0.54,0,1
45788433,0,214,1,2017,0.54,0,0
46021186,0,702,0,2017,0.18,0,2
46135499,0,32793,55,2017,0.57,0,0
46170814,1,6911,4,2017,66.31,0,0
46353720,0,1418,0,2017,0.13,0,2
46403959,0,1217,0,2017,0.5,0,2
46622490,0,1317,4,2017,0.11,0,0
46882015,0,780,1,2017,0.04,0,1
46986124,0,524,0,2017,0.83,0,1
47026042,0,6873,6,2017,0.04,0,1
47103249,0,4356,5,2017,3.03,0,0
47182843,0,1241,2,2017,0.11,1,2
47274655,1,2136,1,2017,0.02,1,7
47337031,0,2078,0,2017,0.48,0,0
47580716,0,13279,24,2017,8.04,0,0
47705614,0,2306,0,2017,0.04,4,0
47878207,0,3565,1,2017,0.66,0,0
47939537,0,5241,8,2017,2.99,0,0
47946413,0,4811,3,2017,4.95,0,0
48152124,0,758,1,2018,0.09,0,2
48257255,0,30402,12,2018,0.37,0,0
48325636,0,2250,4,2018,0.3,0,0
48415540,0,5167,10,2018,2.92,0,0
48675932,0,2359,3,2018,0.01,0,2
48727264,0,7354,5,2018,67.85,0,2
48896762,0,3184,1,2018,0.08,0,0
48910206,0,5742,2,2018,0.01,0,0
48911249,0,2554,4,2018,0.58,0,0
49006573,0,540,-1,2018,0.25,0,0
49026632,0,612,3,2018,145.29,0,0
49395900,0,3486,2,2018,0.02,0,0
49856880,0,19003,12,2018,1.2,4,0
50005739,0,356,1,2018,1.17,0,0
50265761,0,1150,3,2018,0.51,2,5
50330993,0,585,0,2018,0.12,0,0
50356677,0,5732,4,2018,6.0,0,0
50390812,0,765,1,2018,0.02,0,2
50723267,0,2240,2,2018,0.07,0,0
50805634,0,12207,9,2018,511.84,0,2
50871281,0,3163,1,2018,0.11,0,2
51023367,0,6671,4,2018,8.84,0,2
51230690,0,732,1,2018,8.27,0,2
51256020,0,556,-2,2018,0.01,0,0
51444059,1,18591,12,2018,0.01,0,0
51480819,0,43,0,2018,0.03,0,0
51586693,0,62,1,2018,0.02,0,1
51630204,0,4646,1,2018,0.01,0,0
51866875,0,1276,3,2018,0.01,0,1
51915835,0,656,-1,2018,0.02,0,2
52069370,0,480,0,2018,0.72,1,2
52099863,0,3232,3,2018,0.96,0,0
52238167,1,685,-1,2018,2.48,0,2
52313677,0,1994,0,2018,16.96,0,0
52325149,0,1456,5,2018,0.15,0,0
52433872,0,912,1,2018,0.06,0,0
52439364,1,20140,8,2018,0.13,0,2
52546428,0,3834,0,2018,1.02,3,0
52566050,1,1375,2,2018,4.17,0,2
52867244,0,648,1,2018,0.01,0,0
52871934,0,840,0,2018,0.28,0,2
52897168,0,4606,5,2018,0.7,0,0
52918090,0,4618,4,2018,2.14,0,2
53045116,0,1311,0,2018,0.02,0,0
53046583,1,6847,8,2018,2.93,0,0
53473110,0,645,2,2018,1.52,1,9
53706452,1,306,2,2018,0.03,0,2
53714356,0,2336,0,2018,0.34,0,2
53787559,0,180,1,2018,0.03,0,0
53844826,1,5240,3,2018,0.05,3,0
53930455,0,87,0,2018,0.08,4,0
53938962,0,5666,5,2018,0.09,0,0
53999738,0,615,1,2019,0.11,0,0
54035402,0,237,0,2019,0.0,0,0
54413499,0,400,0,2019,0.01,0,2
54546660,0,840,2,2019,0.68,1,2
54566926,0,230,1,2019,0.35,0,0
54658108,1,1564,0,2019,5.95,0,2
54658635,0,3209,0,2019,0.74,0,2
54771426,1,4792,2,2019,0.02,0,2
54898655,1,878,0,2019,0.01,0,2
54964330,1,875,1,2019,0.03,0,0
55049376,0,121,1,2019,1.23,1,10
55085971,0,49,1,2019,0.21,0,0
55213771,0,1489,2,2019,0.38,0,0
55263041,0,1262,2,2019,0.01,0,2
55353187,0,1213,2,2019,0.58,0,0
55421290,0,3927,7,2019,20.29,0,2
55474374,0,680,0,2019,0.21,0,0
55487418,0,723,0,2019,0.27,4,0
55502800,0,1298,5,2019,669.45,1,0
55693363,1,2918,0,2019,0.61,0,0
55759657,0,1825,0,2019,0.09,4,2
55834790,0,1302,5,2019,0.0,0,0
55881517,1,415,1,2019,0.16,0,2
56034831,0,157,0,2019,0.11,1,2
56218014,0,7630,13,2019,0.11,0,0
56235136,1,1336,2,2019,0.14,0,2
56258751,0,523,1,2019,0.03,1,13
56305464,0,570,1,2019,0.12,0,0
56315385,0,60,0,2019,0.12,0,1
56396730,0,260,1,2019,3.95,4,0
56418899,0,125,0,2019,0.24,2,5
56510866,0,1047,2,2019,0.57,0,0
56518581,0,31,0,2019,0.01,0,2
56650201,1,2692,4,2019,476.92,0,0
56759226,0,4417,1,2019,0.06,4,0
56795623,0,1584,0,2019,4.64,0,0
56826495,0,1078,5,2019,267.73,6,1
56861676,0,1941,4,2019,0.13,0,0
56897557,0,913,3,2019,3.14,4,0
56935660,0,60,0,2019,0.02,0,0
57091589,0,122,0,2019,0.0,0,2
57225449,0,57,1,2019,0.01,0,0
57357049,0,2037,2,2019,0.01,1,2
57433653,0,2014,4,2019,389.77,0,0
57481869,0,317,3,2019,0.0,0,0
57725029,1,33,0,2019,2.2,0,2
57823210,0,309,1,2019,6.75,0,0
57836355,1,1164,2,2019,0.86,0,0
57867907,0,48,1,2019,0.01,0,0
57913825,1,2138,3,2019,0.1,0,0
57942487,1,11913,11,2019,0.01,0,1
57950864,0,127,0,2019,2.75,0,2
57977352,0,1147,1,2019,0.45,4,0
57977408,0,2544,3,2019,15.94,0,0
58013754,0,205,1,2019,2.14,0,0
58112658,1,146,1,2019,0.0,0,0
58121828,0,1153,3,2019,2.45,0,0
58131815,0,422,0,2019,3.17,0,2
58203947,0,287,2,2019,0.04,0,0
58215056,1,9725,6,2019,0.05,0,0
58317717,0,84,0,2019,0.92,0,0
58342439,1,71,1,2019,1.12,0,2
58372267,0,279,0,2019,11.09,0,0
58434046,1,710,1,2019,0.0,0,2
58461798,0,557,0,2019,0.12,0,0
58482902,0,591,3,2019,6.34,0,0
58572535,0,1400,1,2019,0.1,0,0
58579059,0,3349,4,2019,0.07,0,2
58579211,1,795,0,2019,0.02,0,0
58738544,0,79,0,2019,0.0,0,0
58897066,0,1885,2,2019,0.08,4,0
58954799,1,1734,2,2019,0.0,0,2
58959799,1,428,1,2019,0.07,6,4
59005242,1,2315,2,2019,0.02,0,0
59023486,0,3774,2,2019,0.13,0,1
59097657,1,1777,1,2019,0.32,1,2
59367791,0,458,0,2019,0.02,4,0
59418904,0,1401,1,2019,0.15,0,2
59452017,0,148,0,2019,0.14,0,0
59515981,0,99,0,2019,0.57,1,2
59517617,0,220,0,2019,0.1,0,0
59637308,1,727,2,2020,0.42,1,2
59676983,1,1088,4,2020,0.0,0,1
59714963,0,54,0,2020,2.1,0,0
59905606,0,1096,2,2020,0.62,0,2
60073577,0,150,1,2020,0.16,1,16
60119934,1,1283,9,2020,9.84,0,0
60429916,0,289,0,2020,0.94,0,1
60430277,0,1295,2,2020,0.05,0,2
60463381,1,4283,4,2020,0.01,0,2
60601412,0,4166,4,2020,0.03,0,0
60684241,0,232,1,2020,0.05,0,0
60686273,1,1345,0,2020,0.03,0,0
60704946,0,244,1,2020,450.82,0,0
60731711,0,76,1,2020,0.15,0,0
60786257,0,87,1,2020,2.4,4,0
60812518,1,127,-1,2020,0.25,0,0
60876805,0,1417,3,2020,0.06,0,0
60890658,0,2099,2,2020,1.97,0,2
61049185,0,585,0,2020,38.02,4,0
61148307,0,442,0,2020,0.07,0,0
61165562,1,1305,1,2020,0.3,0,2
61445734,0,419,0,2020,0.25,0,0
61458305,1,6736,3,2020,0.01,0,0
61647207,1,720,1,2020,0.16,0,2
61662237,0,376,0,2020,0.0,4,0
61688782,1,620,0,2020,0.59,0,1
61816158,1,915,4,2020,0.02,0,0
61841560,0,1032,-1,2020,0.01,0,2
61929181,1,439,-2,2020,0.02,0,2
61970972,1,133,0,2020,0.01,0,2
62050534,0,1370,1,2020,0.26,0,0
62073477,0,130,3,2020,0.04,1,2
62082531,0,691,2,2020,0.04,0,0
62087640,0,234,2,2020,0.02,0,0
62175302,1,242,0,2020,0.03,0,0
62217528,0,706,0,2020,97.88,4,0
62303911,0,517,2,2020,4.06,0,0
62338930,0,344,0,2020,0.03,0,2
62376835,0,1821,2,2020,0.2,0,2
62434037,1,630,1,2020,0.05,0,2
62436741,0,254,0,2020,1.4,0,0
62518906,0,1466,-1,2020,1.94,0,2
62523614,0,300,2,2020,2.65,1,2
62604925,0,73,0,2020,0.09,0,2
62711191,0,294,-1,2020,0.1,0,2
62805263,0,1627,4,2020,0.05,0,2
62835258,1,180,0,2020,4.77,0,1
62836218,0,433,0,2020,0.18,0,0
62877412,0,703,2,2020,0.05,0,2
62925173,0,518,1,2020,1.67,0,5
62929637,1,28,0,2020,0.15,0,6
62971444,1,1830,0,2020,0.05,0,0
63034729,0,221,1,2020,0.02,1,0
63097533,0,613,3,2020,0.19,0,2
63193743,0,177,2,2020,0.05,6,3
63231513,0,1116,1,2020,0.21,1,2
63235786,0,603,2,2020,0.02,1,2
63243438,0,1235,3,2020,0.05,0,0
63245367,0,80,0,2020,0.05,0,6
63482390,0,216,2,2020,0.0,4,0
63577843,0,146,0,2020,0.93,0,0
63734568,0,58,1,2020,0.07,0,5
63749852,0,561,2,2020,0.04,0,0
63787513,0,52,0,2020,0.04,4,0
63840209,0,391,1,2020,0.04,0,1
63975130,1,1031,4,2020,0.05,0,0
63982751,0,60,1,2020,0.03,0,0
64059811,0,368,0,2020,0.01,2,9
64100466,0,1093,1,2020,0.08,1,2
64142435,0,718,1,2020,6.62,5,0
64262945,0,171,0,2020,0.09,1,16
64426977,0,100,0,2020,0.02,1,2
64474626,0,557,2,2020,0.03,0,0
64568715,0,549,0,2020,2.47,0,0
64574142,1,605,0,2020,0.02,0,2
64666169,0,74,0,2020,0.04,0,0
64971976,1,1046,0,2020,0.01,0,2
65007191,0,917,1,2020,0.1,0,2
65037659,0,72,0,2020,0.15,0,2
65044130,1,297,0,2020,0.02,0,0
65149157,0,96,-1,2020,0.01,0,2
65172786,1,421,0,2020,0.02,0,2
65179822,0,1497,0,2020,0.14,0,2
65241251,0,266,0,2020,0.03,1,2
65245439,0,37,0,2020,0.11,1,2
65250088,0,68,0,2020,0.12,0,2
65361912,1,71,2,2020,0.08,0,0
65362523,0,35,0,2020,17.82,0,0
65423150,0,93,0,2020,0.03,0,0
65430063,0,27,0,2020,0.01,0,2
65447992,1,2135,2,2020,0.07,0,2
65551775,0,198,0,2021,0.01,0,2
65594383,1,1130,1,2021,0.02,0,2
65594438,0,885,0,2021,0.12,4,0
65675732,1,78,0,2021,0.03,5,0
65857357,0,24,0,2021,0.04,0,2
65881582,0,890,2,2021,9.29,0,2
65930896,0,170,0,2021,0.07,0,2
65932328,1,761,1,2021,5.35,5,0
65944224,0,230,3,2021,0.46,0,2
66050049,0,35,0,2021,0.01,0,0
66085788,0,176,1,2021,0.04,0,0
66134941,1,237,0,2021,0.16,0,2
66272911,1,189,0,2021,0.02,0,0
66282355,1,65,0,2021,0.26,0,0
66321300,0,175,0,2021,13.42,0,2
66333280,0,51,0,2021,1.0,0,2
66342708,0,36,2,2021,0.01,0,0
66371667,0,525,1,2021,5.04,0,2
66373170,0,114,0,2021,0.05,0,0
66446881,1,380,0,2021,0.0,0,0
66664229,1,24,0,2021,0.0,0,1
66789569,1,104,1,2021,0.05,1,2
66814443,0,201,4,2021,0.01,1,16
66862298,0,189,1,2021,0.03,0,0
66874324,1,383,0,2021,0.07,0,0
66929798,0,44,0,2021,0.17,0,0
66953523,0,143,3,2021,0.02,0,2
67058495,0,125,0,2021,0.0,0,0
67068424,1,45,1,2021,0.03,0,0
67093424,0,44,0,2021,0.0,0,2
67095832,0,52,1,2021,0.02,0,1
67115353,0,92,0,2021,1.14,1,16
67160604,0,32,0,2021,0.05,0,1
67172698,0,31,1,2021,0.02,0,0
67503271,0,41,0,2021,0.01,0,0
67505121,0,55,0,2021,0.01,0,1
67521759,0,105,2,2021,0.23,0,0
67535660,1,74,1,2021,1.13,0,6
67573468,0,80,0,2021,0.76,0,0
67645394,1,44,1,2021,0.01,0,0
67772139,0,55,0,2021,0.07,0,0
67795896,0,49,1,2021,1.26,1,2
67878735,0,43,1,2021,0.06,0,0
67936380,1,54,1,2021,0.06,0,0
67957965,1,61,2,2021,0.01,0,2
68164440,0,46,0,2021,0.04,0,6
68275680,1,61,5,2021,9.66,0,0
68304309,0,84,3,2021,5.0,0,0
68369845,0,144,1,2021,0.29,0,2
68467792,0,17,0,2021,1.95,0,2
68618698,0,45,1,2021,0.11,0,2
68874703,1,33,0,2021,0.01,0,0
68929785,1,48,1,2021,0.04,0,2
68935640,0,16,0,2021,0.05,0,0
68943189,1,26,1,2021,0.05,0,2
45246764,0,6891,3,2017,0.01,0,1
49915334,0,3162,0,2018,0.01,0,0
53301015,0,2153,3,2018,0.16,0,0
54120792,0,1448,0,2019,0.26,0,1
58800520,0,596,2,2019,0.89,0,0
66979769,0,136,2,2021,0.04,0,0
67345054,1,26,0,2021,0.09,0,0
24549256,2,7503,1,2014,4.97,0,0
25339439,2,1054,4,2014,0.41,4,0
26799771,2,79,0,2014,0.07,4,0
27288032,2,1583,3,2014,1.55,1,0
29739796,2,385,0,2015,1.07,1,6
31361377,2,15707,13,2015,0.06,0,1
31796909,2,827,0,2015,0.13,0,4
33810990,0,33276,21,2015,0.05,0,8
33846069,0,25153,14,2015,189.93,1,16
33968233,2,355,2,2015,0.11,1,14
34220532,0,105236,83,2015,0.01,0,3
34292636,0,1311,7,2015,0.41,1,10
34362193,0,16211,16,2015,0.0,0,1
34399588,0,16336,17,2015,0.01,0,3
34589693,2,101,1,2016,0.47,0,3
34713299,2,2399,6,2016,0.06,5,1
34725157,0,1874,6,2016,0.0,0,0
34805329,0,2196,4,2016,0.64,2,1
34875944,0,52431,41,2016,134.17,1,16
34913762,0,19117,9,2016,0.86,0,3
35013080,0,11612,17,2016,0.18,0,3
35533395,2,6058,9,2016,3.12,1,2
35599179,0,632,2,2016,0.24,0,0
35900315,0,869,9,2016,799.54,4,0
36031324,0,7234,7,2016,0.45,2,1
36113090,0,25402,19,2016,0.3,2,5
36120302,0,2336,0,2016,22.63,1,0
36204404,2,463,0,2016,0.01,0,0
36484283,2,342,2,2016,0.94,0,0
36491298,2,193,1,2016,3.31,0,1
36519724,0,12998,8,2016,0.05,1,6
36530944,0,17150,13,2016,0.8,0,1
36570904,0,11219,12,2016,0.09,1,7
36612512,0,79507,50,2016,8.06,0,1
36672618,0,1305,3,2016,9.13,1,0
36870792,0,1066,6,2016,375.75,0,6
36966316,0,125936,40,2016,0.05,0,1
37042748,0,4357,9,2016,0.12,0,4
37049411,0,48884,22,2016,0.02,0,1
37096225,0,34452,58,2016,0.02,0,0
37250178,0,1681,1,2016,0.02,0,0
37581671,0,1434,2,2016,89.39,0,0
37624279,2,2645,2,2016,123.9,1,0
37670055,0,2748,2,2016,0.03,0,3
37771321,0,16972,19,2016,0.09,1,0
37902705,0,22792,42,2016,1.23,1,10
38061080,0,5111,6,2016,1.12,0,0
38200982,0,5194,12,2016,358.16,1,12
38294973,2,864,1,2016,0.37,0,0
38420288,0,3336,5,2016,449.9,0,0
38422427,0,4428,5,2016,0.01,0,3
38461214,0,2809,4,2016,0.04,0,1
38524776,0,11782,10,2016,0.25,0,1
38549153,0,3912,8,2016,8.55,0,0
38559755,0,302512,207,2016,0.92,5,0
38567949,0,374,0,2016,0.01,0,0
38618960,0,4775,5,2016,0.87,0,0
38892924,0,1727,1,2016,0.34,0,0
38933793,0,7197,8,2016,0.12,0,3
39052545,0,534,0,2016,0.73,1,0
39138447,0,12529,5,2016,0.14,1,0
39187009,0,2280,2,2016,0.34,1,15
39196955,0,1194,2,2016,0.02,0,0
39352808,0,794,0,2016,10.34,1,7
39412051,2,2047,8,2016,102.28,0,0
39435341,0,15884,9,2016,0.07,6,1
39475356,0,3315,7,2016,0.02,0,1
39564964,0,3517,3,2016,0.03,1,0
39671956,0,12175,4,2016,0.0,0,3
39894312,0,225,0,2016,0.09,1,16
39921607,0,26411,57,2016,0.0,1,6
39964424,0,5343,7,2016,0.07,0,0
39969717,2,3907,1,2016,0.1,1,0
39975676,0,17663,9,2016,15.13,1,6
40155970,0,494,2,2016,0.0,0,0
40162361,0,1492,6,2016,1.17,1,16
40218801,0,19513,9,2016,0.02,0,3
40318457,0,11691,11,2016,0.02,1,0
40386653,2,135,0,2016,0.01,2,1
40613225,2,345,3,2016,58.57,2,1
40654881,0,6899,4,2016,0.03,4,1
40769363,2,10045,7,2016,65.75,1,0
40782397,0,511,2,2016,0.0,1,0
40907769,0,9857,9,2016,223.97,1,2
40908209,2,854,0,2016,0.0,0,3
40910090,0,1187,2,2016,0.03,0,1
40920307,0,5317,1,2016,0.01,0,1
40966589,0,224,1,2016,0.07,0,2
40973742,2,258,0,2016,1.29,0,3
40973868,0,1126,1,2016,1.95,1,0
41077285,0,144,0,2016,0.02,0,0
41189251,2,710,2,2016,12.95,0,4
41195547,0,26,0,2016,0.01,0,1
41208590,2,72,2,2016,0.07,0,4
41220472,0,298,3,2016,0.98,0,0
41258243,0,731,2,2016,0.08,0,1
41288600,0,129,1,2016,0.08,1,0
41302629,0,1207,0,2016,0.03,0,4
41347780,2,1275,0,2016,1.88,0,4
41381596,0,398,3,2016,0.91,2,1
41533489,0,10746,26,2017,496.9,0,3
41621053,0,1162,5,2017,0.0,0,1
41637800,0,178,2,2017,0.18,0,1
41668813,2,75831,66,2017,0.16,1,0
41688217,0,9167,12,2017,0.03,0,0
41711190,0,230198,189,2017,0.06,1,0
41764572,0,663,0,2017,0.14,0,1
41830206,0,341,1,2017,0.13,0,3
41845802,0,2942,4,2017,0.11,0,0
41879440,0,7726,4,2017,1.01,1,0
41881308,0,9396,10,2017,7.74,6,1
41889453,0,1267,1,2017,0.05,0,0
41894947,0,264,1,2017,0.01,0,7
41909111,0,3978,8,2017,8.5,1,15
41933830,2,3938,5,2017,0.9,1,0
41965202,0,484,0,2017,0.03,0,3
42122168,0,6278,10,2017,0.07,1,0
42184663,0,12779,16,2017,0.48,0,0
42191525,0,472,0,2017,17.26,1,10
42195414,2,978,2,2017,1.01,0,7
42223906,0,1914,4,2017,140.5,0,6
42351184,0,11284,8,2017,0.01,0,0
42488070,0,1400,3,2017,6.76,1,16
42497340,0,40779,34,2017,0.01,0,0
42530216,0,2694,0,2017,0.05,0,1
42685994,0,15458,22,2017,0.01,1,15
42741472,0,815,0,2017,0.0,1,2
42758315,0,34185,21,2017,0.01,0,1
42823627,0,20239,12,2017,0.23,1,0
42835247,0,4029,3,2017,230.02,0,2
42894882,1,22328,13,2017,0.28,0,0
42953781,0,277,0,2017,0.01,0,3
43001532,0,1301,4,2017,0.29,0,8
43051687,0,33994,9,2017,0.05,6,2
43145200,0,3042,8,2017,0.03,0,1
43147076,0,530,0,2017,0.21,4,0
43153076,0,549,0,2017,0.02,0,0
43158606,0,13095,8,2017,0.08,1,0
43218211,0,282,0,2017,0.01,0,1
43238984,0,543,4,2017,0.0,0,0
43357732,0,32421,15,2017,0.09,0,1
43395289,2,337,0,2017,1.86,0,1
43396431,0,1863,5,2017,0.17,0,0
43517959,0,33614,21,2017,0.8,1,4
43527875,0,966,2,2017,0.14,0,1
43632846,0,414,0,2017,1.18,1,0
43692100,0,244,0,2017,0.02,1,0
43743593,0,59508,34,2017,631.36,1,0
43754870,0,11932,10,2017,18.41,0,4
43772314,0,1274,1,2017,0.07,6,2
43813995,0,1437,3,2017,0.03,0,8
43834533,0,2045,2,2017,0.15,0,3
43857272,0,1989,4,2017,0.05,1,0
43978179,0,7760,6,2017,0.07,0,1
44176222,0,179,0,2017,0.13,0,8
44328530,1,45564,40,2017,3.29,0,0
44366962,0,55,-1,2017,0.04,0,4
44429199,1,56450,56,2017,2.39,0,0
44604190,0,2099,3,2017,0.06,1,0
44609500,0,41,0,2017,0.5,0,1
44632989,0,861,4,2017,0.05,1,7
44641976,1,29485,30,2017,142.28,1,6
44685228,0,2314,6,2017,0.87,1,16
44690865,0,7347,3,2017,0.15,0,1
44769126,0,2792,3,2017,1.05,1,2
44803836,0,309,1,2017,0.26,1,0
44810826,0,2216,4,2017,0.03,1,0
44819563,1,370,0,2017,0.01,0,0
44822753,0,56,0,2017,0.13,0,6
44899038,0,4974,7,2017,0.06,1,2
44940767,0,635,2,2017,0.31,0,1
44956591,0,1993,2,2017,0.0,0,0
45002411,0,394,0,2017,0.05,4,3
45011724,0,4544,10,2017,0.15,0,0
45026934,0,158,2,2017,0.02,1,0
45043150,0,4334,2,2017,0.03,1,15
45043979,0,3457,7,2017,0.54,0,0
45067801,0,344,0,2017,0.03,0,0
45071700,0,962,1,2017,0.23,1,0
45082653,0,2583,1,2017,0.01,0,1
45154459,0,615,7,2017,0.06,1,0
45188089,0,227,0,2017,0.03,0,0
45189165,0,2282,5,2017,1.12,1,0
45216094,0,865,2,2017,0.0,1,16
45247909,0,3132,1,2017,2.99,2,1
45316101,0,493,0,2017,0.05,0,3
45342358,0,878,0,2017,0.17,1,2
45389303,0,160,1,2017,0.02,1,0
45508510,0,395,1,2017,0.03,0,4
45530786,0,235,0,2017,0.06,0,1
45531415,0,1093,0,2017,0.03,0,3
45564441,0,600,1,2017,0.15,1,2
45595437,0,1508,1,2017,0.03,1,0
45606298,0,3572,8,2017,1.02,1,7
45666991,0,293,0,2017,0.25,1,16
45705771,0,90,0,2017,0.12,1,6
45779752,0,59,0,2017,0.0,0,8
45798088,0,195,0,2017,3.2,1,2
45851160,0,61,1,2017,0.44,0,3
45868824,0,492,1,2017,291.03,0,1
45883971,0,855,2,2017,0.01,0,4
45977990,0,1858,1,2017,1.1,1,0
46007679,0,1376,3,2017,1.84,1,0
46046145,0,644,1,2017,0.32,0,1
46104525,0,1532,3,2017,0.42,1,4
46156778,0,1727,2,2017,0.01,1,16
46165553,0,338,1,2017,0.51,4,0
46180432,2,1361,0,2017,0.24,1,6
46221420,0,2810,5,2017,33.79,1,0
46227823,0,317,1,2017,0.1,1,16
46234319,0,277,1,2017,0.65,1,2
46328084,0,2630,3,2017,0.02,1,0
46378102,0,1924,1,2017,2.02,1,2
46419257,0,314,0,2017,0.02,0,1
46441835,0,42,0,2017,0.03,0,3
46473823,0,1184,3,2017,0.03,2,3
46563420,0,2204,0,2017,0.02,0,3
46600863,0,4142,2,2017,3.52,0,0
46619869,0,16594,16,2017,0.07,1,16
46633377,0,1145,0,2017,0.17,0,1
46634552,0,55,-1,2017,0.04,0,1
46664241,0,1796,0,2017,0.03,0,1
46783010,0,1602,0,2017,0.06,1,0
46826218,1,193748,60,2017,0.02,0,1
46828476,0,2421,2,2017,0.02,1,0
46828790,0,558,4,2017,0.06,1,0
46847364,0,765,1,2017,38.92,1,16
46866208,0,1840,3,2017,1.35,4,3
46883334,0,1294,0,2017,0.26,1,0
46892270,0,200,-2,2017,0.02,0,4
47060877,0,4886,1,2017,0.01,6,2
47097884,0,1813,1,2017,206.77,1,16
47120126,1,2736,2,2017,2.18,1,16
47141359,0,2020,1,2017,0.0,0,0
47150576,0,380,2,2017,0.14,1,0
47260715,1,1169,1,2017,0.26,1,0
47267433,1,64,1,2017,0.19,0,1
47279687,0,1789,2,2017,0.07,3,1
47280228,0,2494,1,2017,0.05,6,2
47323260,0,721,1,2017,0.01,0,1
47374172,1,2780,4,2017,0.22,0,0
47479587,0,8012,8,2017,25.64,1,2
47556001,0,1197,4,2017,62.75,1,0
47614764,0,56,2,2017,0.18,0,0
47628682,0,3504,5,2017,0.01,0,1
47643285,0,433,2,2017,0.09,0,1
47645298,0,1436,2,2017,0.02,0,0
47663784,0,615,0,2017,0.08,0,7
47709854,0,5659,6,2017,128.94,0,4
47729628,0,907,1,2017,0.18,0,0
47744964,0,107,0,2017,0.0,0,1
47787627,0,6405,6,2017,0.11,4,3
47817135,0,6548,2,2017,0.01,0,1
47870003,1,19451,20,2017,0.08,0,4
47968556,0,96,0,2017,1.73,1,4
48047916,0,3100,7,2018,0.98,1,16
48115671,0,1287,1,2018,0.03,1,0
48127811,0,424,2,2018,0.01,6,2
48150876,0,1865,1,2018,3.05,4,2
48210729,0,372,0,2018,43.37,0,0
48217599,0,2030,2,2018,1.78,1,0
48238227,0,42,0,2018,0.1,0,4
48357113,0,801,1,2018,0.09,1,0
48369202,0,49,1,2018,0.02,1,16
48527722,1,240,0,2018,0.9,0,1
48549101,1,528,1,2018,0.61,1,16
48600929,0,1240,0,2018,8.78,6,0
48611376,0,1176,1,2018,0.11,0,0
48704369,0,991,2,2018,0.02,0,7
48710409,0,1832,2,2018,0.01,4,0
48960654,0,294,0,2018,0.07,0,0
48963438,0,55,2,2018,0.13,0,8
49074392,0,357,2,2018,2.58,0,3
49172221,0,257,2,2018,2.97,0,0
49175337,0,990,1,2018,0.03,0,0
49226523,0,503,1,2018,0.03,0,1
49226579,0,190,2,2018,0.8,0,1
49242744,0,1698,1,2018,3.85,1,4
49268505,0,617,1,2018,1.03,1,4
49271153,0,361,0,2018,0.08,0,8
49294329,0,1617,6,2018,0.05,2,12
49324093,0,1107,3,2018,0.12,1,0
49334900,1,59,1,2018,0.34,0,1
49349702,0,959,1,2018,0.03,0,7
49369472,0,1582,1,2018,0.01,2,3
49377158,0,2890,0,2018,1.62,1,0
49385147,0,650,1,2018,0.2,0,3
49425238,0,171,1,2018,0.01,0,4
49466894,1,16949,37,2018,0.59,1,2
49487647,0,1430,1,2018,2.13,0,3
49565638,0,1495,2,2018,0.18,1,0
49594691,0,473,2,2018,0.24,0,0
49669124,0,768,2,2018,0.06,1,2
49675921,0,273,3,2018,3.04,0,0
49677010,0,918,1,2018,0.1,1,0
49742625,1,2763,3,2018,23.25,0,0
49793300,0,915,1,2018,0.05,0,1
49798513,0,2711,1,2018,0.01,0,1
49847984,1,1134,1,2018,0.29,0,1
49934624,1,774,0,2018,0.07,0,6
49967737,0,659,0,2018,0.07,1,0
49977099,0,53,1,2018,0.01,0,4
50000263,0,1026,1,2018,0.1,2,1
50061393,0,3071,7,2018,0.01,1,16
50079766,0,988,2,2018,0.03,0,1
50136192,0,62,1,2018,0.01,0,1
50139176,0,4253,3,2018,0.04,0,1
50199088,0,78,1,2018,0.04,0,1
50209452,0,1110,1,2018,0.04,1,0
50216747,0,188,1,2018,0.07,0,0
50227423,0,843,1,2018,0.08,0,1
50250724,0,200,3,2018,0.02,0,4
50280724,0,286,0,2018,0.02,2,1
50291549,0,476,1,2018,0.01,1,0
50297594,0,229,0,2018,0.02,1,16
50299831,0,260,1,2018,0.01,1,16
50301754,0,51,1,2018,0.08,1,16
50307579,0,625,0,2018,0.02,1,0
50310507,0,678,0,2018,0.06,1,2
50328921,0,322,0,2018,0.03,1,0
50346017,0,31599,17,2018,0.16,0,0
50354030,0,53,0,2018,0.07,1,16
50360760,0,108,2,2018,0.03,0,3
50411191,1,14681,16,2018,1.09,0,4
50427291,0,1413,1,2018,0.11,1,0
50432605,0,816,1,2018,0.15,0,1
50459267,0,2057,2,2018,0.01,0,1
50463975,1,7352,19,2018,0.03,1,0
50474674,0,368,0,2018,0.42,4,1
50523482,0,219,0,2018,0.03,0,1
50524491,0,1164,0,2018,0.03,0,1
50526842,0,132,1,2018,0.01,1,0
50533610,0,170,0,2018,0.13,1,16
50577055,0,146,-1,2018,0.73,1,0
50639501,0,1350,2,2018,0.06,0,0
50641588,0,5974,4,2018,0.23,0,0
50646958,0,4574,7,2018,0.25,1,2
50651447,0,264,0,2018,0.07,0,3
50701913,0,12074,7,2018,0.02,1,2
50740557,1,696,1,2018,7.65,1,0
50742245,0,1037,0,2018,0.04,0,4
50786077,0,457,4,2018,0.02,1,2
50796984,0,603,0,2018,0.13,0,4
50862101,0,3928,9,2018,0.02,1,16
50866554,0,253,0,2018,0.47,1,0
50877618,0,1543,4,2018,0.02,1,16
50901788,0,4757,10,2018,0.07,0,1
50912750,0,905,0,2018,0.03,1,0
50927890,0,12455,9,2018,0.01,0,1
50973687,0,322,0,2018,0.03,0,0
51001968,1,395,0,2018,0.1,0,4
51006462,0,217,0,2018,0.28,0,8
51015563,0,726,3,2018,0.14,0,7
51128427,0,1334,1,2018,0.01,0,8
51137294,0,596,0,2018,0.04,1,0
51174603,0,385,0,2018,0.56,4,1
51204099,0,5154,3,2018,182.31,0,1
51264291,0,149,0,2018,0.03,1,16
51291353,1,6214,4,2018,0.11,3,0
51299181,0,1729,2,2018,0.39,1,0
51354086,0,1524,2,2018,0.18,1,4
51394132,0,337,1,2018,0.08,3,3
51405517,0,7065,22,2018,498.08,0,1
51500281,0,525,0,2018,6.06,1,0
51501828,1,2802,1,2018,0.18,1,2
51509528,0,1860,1,2018,0.44,0,1
51581053,0,74,0,2018,0.05,0,1
51683471,0,1635,1,2018,1.31,1,0
51690095,0,966,1,2018,0.01,0,0
51700729,1,9898,19,2018,0.02,1,0
51703981,1,3652,4,2018,0.02,0,1
51745580,0,1041,7,2018,0.09,0,1
51762962,0,312,0,2018,0.71,0,1
51801648,1,11038,23,2018,0.05,1,5
51811797,0,2821,1,2018,0.04,1,0
51839496,0,2149,5,2018,8.44,1,16
51848367,0,1359,4,2018,0.01,0,1
51909927,0,159,0,2018,0.01,0,0
51944004,0,1372,1,2018,0.27,1,4
52091407,0,35,1,2018,0.0,3,1
52144159,0,354,2,2018,0.02,0,1
52144507,1,49,2,2018,0.01,0,7
52166911,0,255,0,2018,5.78,1,4
52176353,0,111,0,2018,0.01,2,4
52192599,1,1074,3,2018,0.39,1,0
52253839,0,947,0,2018,0.03,1,0
52318768,0,971,2,2018,0.52,1,0
52338033,0,1742,5,2018,0.07,1,0
52359905,0,2652,0,2018,0.44,1,0
52392465,0,849,3,2018,0.67,0,1
52395135,0,651,0,2018,0.04,0,1
52485242,0,3143,4,2018,0.61,1,0
52528797,0,233,0,2018,0.11,1,14
52543623,0,295,2,2018,1.11,1,0
52548174,1,29308,21,2018,0.02,1,0
52632647,0,216,2,2018,0.37,1,0
52636869,0,93,0,2018,0.13,4,0
52648516,0,683,0,2018,28.34,0,0
52690881,1,776,1,2018,0.2,1,16
52709073,0,197,2,2018,0.59,0,0
52715744,0,2841,1,2018,0.03,1,16
52784204,0,65,0,2018,0.01,0,5
52796121,1,7852,7,2018,0.0,1,0
52832618,0,913,4,2018,79.06,6,0
52878311,0,318,1,2018,0.01,0,0
52920121,0,386,2,2018,0.07,0,1
53002190,0,384,2,2018,0.24,0,3
53033767,0,995,0,2018,1.17,4,0
53131471,0,262,0,2018,0.15,0,8
53167108,0,1845,3,2018,0.03,1,0
53196255,0,146,0,2018,0.04,0,0
53201297,0,247,0,2018,0.06,0,1
53313913,0,475,1,2018,0.07,0,1
53346869,0,2034,1,2018,0.09,1,0
53384454,0,315,2,2018,5.43,1,4
53442069,1,330,1,2018,0.01,0,0
53460728,0,433,0,2018,0.05,0,8
53492199,0,950,0,2018,0.12,0,0
53544901,1,6501,7,2018,0.04,1,7
53581904,1,1047,0,2018,43.23,4,1
53586245,1,1512,2,2018,0.47,1,0
53649837,0,3144,3,2018,0.01,2,1
53663293,0,174,0,2018,0.24,1,0
53736966,1,6798,5,2018,0.1,4,1
53738731,0,558,1,2018,0.05,0,0
53797916,0,431,-1,2018,0.03,0,0
53807153,0,493,0,2018,0.01,1,0
53815076,0,155,1,2018,0.02,1,0
53819383,1,10344,8,2018,0.23,0,3
53830617,0,212,0,2018,5.89,2,1
53837304,0,694,2,2018,0.01,0,0
53850404,0,283,1,2018,0.16,2,0
53918549,1,428,3,2018,0.02,0,7
53953460,1,20968,15,2018,0.01,1,0
53987906,1,6153,14,2018,0.05,0,1
54002441,0,206,1,2019,0.31,0,0
54047604,0,2400,1,2019,54.09,2,1
54075399,0,1055,0,2019,0.0,1,0
54082187,0,1803,1,2019,0.01,0,0
54125907,0,818,0,2019,0.06,1,0
54165651,1,1963,1,2019,0.42,1,16
54194724,0,9437,15,2019,227.2,1,0
54220249,1,919,2,2019,0.02,0,4
54249399,1,102,1,2019,0.01,0,4
54268029,1,36601,20,2019,0.01,0,1
54294780,0,537,2,2019,0.03,0,0
54329948,0,131,0,2019,0.02,0,0
54330581,0,103,1,2019,0.08,0,1
54374588,0,361,3,2019,2.23,1,2
54416699,0,839,2,2019,0.01,0,0
54474633,0,3879,1,2019,0.08,3,2
54493359,0,109,3,2019,0.25,1,0
54505292,0,305,1,2019,0.03,0,0
54557398,0,289,1,2019,0.0,0,1
54644391,0,712,0,2019,16.41,1,0
54648296,0,2223,2,2019,0.01,0,1
54681798,0,2903,0,2019,0.0,0,1
54683569,0,692,0,2019,0.1,1,0
54745903,0,1143,4,2019,3.18,1,0
54757631,0,160,1,2019,0.14,0,1
54764500,0,97,1,2019,0.13,1,0
54768657,0,31,2,2019,0.05,1,0
54829278,0,71,1,2019,0.0,0,3
54883875,0,110,1,2019,0.04,4,3
54897339,0,138,1,2019,0.28,1,0
54942416,1,1180,2,2019,0.01,0,3
55029716,0,2287,0,2019,0.08,1,16
55059475,0,874,2,2019,0.03,0,1
55059529,0,15894,10,2019,0.24,2,3
55074048,0,111,2,2019,0.22,1,0
55140300,0,889,0,2019,0.04,6,1
55176818,0,4187,6,2019,1.6,1,0
55178906,0,707,2,2019,0.01,1,0
55179556,0,142,0,2019,0.02,0,3
55193375,0,1587,1,2019,0.76,0,0
55196194,0,276,1,2019,2.64,0,1
55227010,1,603,2,2019,0.49,1,0
55253299,0,528,2,2019,0.07,1,0
55258859,0,1250,3,2019,0.1,2,0
55317509,0,156,2,2019,0.15,0,1
55324307,0,844,1,2019,18.58,1,0
55332433,0,445,2,2019,0.21,0,1
55397711,1,54,-1,2019,0.05,0,0
55427386,1,1708,4,2019,0.05,1,0
55455377,0,100,0,2019,0.06,0,3
55469487,0,600,1,2019,0.08,0,6
55517871,0,1289,0,2019,3.37,1,0
55529236,1,3904,4,2019,0.15,0,1
55544225,0,1327,0,2019,0.01,1,0
55569166,0,1591,1,2019,6.22,1,0
55618892,0,1521,4,2019,0.07,0,0
55622294,0,197,0,2019,0.36,0,7
55650121,0,778,6,2019,0.04,1,0
55652321,1,863,3,2019,0.13,0,1
55665304,0,229,1,2019,0.09,0,1
55667521,0,146,1,2019,0.06,1,0
55688621,0,2029,3,2019,0.01,0,1
55694721,0,8835,3,2019,0.04,1,0
55702459,0,80,0,2019,0.04,0,3
55746170,0,1336,4,2019,0.17,1,0
55779201,0,1045,2,2019,0.11,0,0
55779727,0,1534,1,2019,15.16,1,7
55801538,0,322,0,2019,0.93,1,16
55803971,0,711,0,2019,1.15,1,2
55819027,1,1237,3,2019,0.41,0,7
55844618,0,3540,0,2019,24.2,6,1
55861813,0,318,1,2019,0.11,0,8
55863106,0,2097,4,2019,0.1,1,0
55863619,0,291,1,2019,1.28,0,8
55875279,1,22386,15,2019,0.32,1,0
55879890,0,440,0,2019,0.02,1,0
55881002,1,3725,3,2019,0.09,0,1
55881651,0,1305,0,2019,0.01,4,2
55882613,0,1021,2,2019,0.0,0,1
55894459,0,2349,1,2019,0.0,0,0
55897798,0,96,2,2019,0.08,0,6
55898522,0,2122,3,2019,0.14,1,0
55916743,0,837,0,2019,0.03,2,1
55941503,1,2547,0,2019,0.04,1,0
55944874,0,135,2,2019,0.2,0,4
55965135,0,235,1,2019,0.24,1,0
55965483,0,226,0,2019,0.0,5,1
56030884,1,3604,5,2019,0.11,1,0
56075037,0,9329,7,2019,1.23,0,1
56083168,0,55,0,2019,0.09,1,0
56099266,0,518,5,2019,0.11,1,0
56122670,0,17101,17,2019,0.02,0,1
56133218,1,202,1,2019,0.02,0,1
56140858,0,224,2,2019,0.05,0,1
56141973,0,46,0,2019,0.07,0,0
56196379,0,138,1,2019,0.01,0,3
56238599,1,1141,1,2019,0.02,2,1
56246472,0,58,0,2019,7.76,1,0
56285229,0,892,2,2019,144.72,4,2
56299034,0,2069,11,2019,11.07,1,0
56301883,0,1012,1,2019,0.61,1,0
56306943,0,1305,1,2019,0.5,0,1
56309907,0,1650,1,2019,88.6,1,4
56353747,0,393,0,2019,0.01,0,0
56369228,0,824,1,2019,0.61,1,2
56394240,0,719,2,2019,0.02,0,0
56396581,0,505,2,2019,0.02,0,1
56401266,1,1075,1,2019,0.08,1,0
56402768,0,238,1,2019,0.36,0,1
56411257,1,301,0,2019,0.41,0,4
56439637,0,162,0,2019,0.05,0,0
56565998,0,1030,1,2019,0.77,0,0
56630174,0,6244,4,2019,0.19,1,0
56632212,0,27,-3,2019,0.04,0,0
56657993,0,5377,12,2019,0.01,2,1
56690089,0,10857,17,2019,0.01,1,4
56714449,0,98,1,2019,0.08,0,3
56734982,0,2070,4,2019,7.02,6,1
56750040,1,73,1,2019,0.09,0,1
56750314,0,587,1,2019,0.01,1,16
56754089,0,264,1,2019,0.1,1,7
56758592,0,1675,3,2019,0.23,0,3
56765498,0,462,1,2019,0.07,0,1
56767246,0,681,2,2019,0.1,1,0
56786937,0,1070,1,2019,0.04,0,1
56796185,0,61,1,2019,0.1,0,0
56822065,0,172,2,2019,0.35,1,16
56833484,0,601,0,2019,0.15,1,16
56841166,0,2556,3,2019,0.72,1,0
56894352,0,114,0,2019,0.27,0,4
56912717,0,61,0,2019,0.07,0,0
56974482,0,241,2,2019,0.02,1,0
56975236,0,441,1,2019,0.41,0,0
57029817,1,4954,1,2019,3.1,1,0
57057502,0,401,1,2019,0.05,1,2
57073381,0,781,3,2019,0.05,0,4
57088242,0,87,0,2019,0.01,1,0
57090420,0,428,3,2019,0.04,0,3
57121445,1,4312,2,2019,0.06,0,3
57147514,1,84,1,2019,0.09,0,0
57172827,0,210,0,2019,0.82,0,0
57211168,0,42,0,2019,0.06,1,2
57216797,0,727,1,2019,0.04,0,1
57221494,0,374,1,2019,0.18,2,1
57229314,0,69,-1,2019,0.02,1,0
57240208,0,87,3,2019,0.11,0,1
57242141,0,1320,0,2019,0.02,1,7
57262175,0,97,1,2019,0.1,0,1
57267088,0,1092,0,2019,0.72,1,0
57286205,0,64,1,2019,0.02,0,4
57323936,0,49,1,2019,0.07,0,8
57331971,0,111,0,2019,0.0,1,0
57341646,0,67,2,2019,0.47,0,1
57409270,0,251,0,2019,0.1,1,0
57423567,0,267,-1,2019,0.36,1,4
57448488,0,1688,1,2019,0.15,1,0
57451767,0,431,0,2019,0.05,0,1
57464606,0,350,1,2019,0.01,0,4
57466046,0,296,0,2019,1.3,0,3
57469260,0,1497,2,2019,0.03,0,1
57503228,0,301,1,2019,0.4,1,4
57503692,0,656,2,2019,39.61,1,16
57512113,1,3592,4,2019,0.86,0,4
57512593,0,663,0,2019,0.06,0,1
57512596,0,1655,3,2019,0.02,0,0
57518866,1,153,1,2019,0.05,0,0
57570851,0,631,3,2019,0.06,1,0
57582444,0,112,0,2019,1.52,0,0
57612543,0,149,1,2019,0.02,0,1
57614726,0,345,1,2019,0.01,0,1
57677834,0,254,0,2019,0.57,1,0
57704850,0,1909,1,2019,0.03,0,1
57763066,1,1848,2,2019,0.59,0,0
57803287,0,932,0,2019,0.06,1,0
57806915,0,401,1,2019,0.01,0,0
57861344,0,488,1,2019,0.28,0,0
57862702,0,34,-1,2019,0.0,1,0
57869557,0,329,0,2019,0.02,0,1
57875581,0,289,1,2019,0.01,1,0
57914354,0,692,0,2019,0.09,0,0
57917450,0,2751,3,2019,0.41,1,7
57917981,1,5045,3,2019,0.14,0,1
57949625,1,399,2,2019,0.67,1,2
57972913,0,113,1,2019,0.05,0,0
57999225,0,3671,5,2019,0.25,1,7
58022629,0,350,0,2019,0.06,0,1
58035125,0,117,2,2019,0.06,1,0
58040010,0,89,1,2019,0.59,1,0
58055912,1,29,1,2019,0.02,0,1
58057590,0,192,0,2019,0.3,0,1
58089499,0,78,1,2019,0.2,0,0
58097924,1,2423,4,2019,0.01,0,3
58107942,0,278,1,2019,0.01,0,1
58110308,0,174,0,2019,0.04,2,1
58146901,0,739,0,2019,0.19,1,0
58150861,0,144,0,2019,0.02,1,0
58159154,0,5270,2,2019,0.2,0,0
58192501,0,1952,1,2019,0.03,1,0
58196809,0,412,0,2019,0.02,1,0
58225903,0,1199,1,2019,0.82,1,0
58230074,0,2843,3,2019,0.16,1,16
58245630,0,335,0,2019,0.02,0,1
58249160,1,1626,1,2019,1.75,1,0
58253408,0,11761,6,2019,0.53,0,1
58271820,0,1287,1,2019,2.05,2,1
58284012,0,211,1,2019,0.01,0,1
58297197,1,2337,4,2019,0.01,1,1
58300357,0,139,1,2019,0.27,1,6
58349239,0,3109,1,2019,0.01,1,0
58350527,0,718,0,2019,0.01,1,6
58355115,0,60,1,2019,0.12,0,1
58360150,1,769,1,2019,0.8,1,16
58389268,0,1059,1,2019,0.01,1,16
58402887,1,298,0,2019,0.03,0,0
58417341,0,187,0,2019,0.04,0,1
58465937,0,223,1,2019,0.45,3,2
58494648,0,709,0,2019,1.91,1,0
58602039,0,3547,2,2019,0.02,0,1
58609730,0,2310,2,2019,1.38,0,4
58612113,1,543,5,2019,378.03,0,0
58658265,0,660,0,2019,0.06,1,0
58660613,0,1731,2,2019,0.01,1,1
58699663,0,61,0,2019,0.02,0,0
58740496,0,2353,5,2019,0.06,1,5
58786275,0,2427,1,2019,0.03,0,0
58829409,0,74,1,2019,196.43,0,4
58839721,1,843,2,2019,5.16,1,16
58864797,0,35,0,2019,0.1,0,1
58908857,0,71,0,2019,0.11,0,0
58926054,1,25970,12,2019,0.03,5,2
58962670,0,463,1,2019,0.02,3,1
58966024,1,242,0,2019,0.98,1,0
58992964,0,301,2,2019,0.1,1,0
59003591,1,9639,13,2019,0.02,1,0
59019290,0,5130,4,2019,145.57,1,2
59020136,0,1363,5,2019,0.84,0,0
59076228,1,1726,2,2019,0.03,0,1
59119247,1,68,0,2019,0.19,1,2
59145221,0,5158,8,2019,0.15,2,1
59178664,0,262,1,2019,0.02,1,14
59217549,0,228,1,2019,0.01,1,16
59278120,0,1100,2,2019,0.24,1,0
59365505,0,567,0,2019,0.06,1,6
59369146,0,863,1,2019,1.35,1,0
59384360,0,208,2,2019,0.87,1,0
59394244,1,325,0,2019,0.03,2,1
59402788,0,203,0,2019,1.89,1,16
59416353,0,187,0,2019,0.01,0,1
59422657,0,45,0,2019,1.98,1,14
59424842,0,1538,4,2019,3.74,1,0
59463186,0,194,0,2019,0.01,4,0
59492964,0,83,0,2019,0.1,0,1
59496936,0,4625,11,2019,6.66,6,1
59506061,0,570,0,2019,0.02,1,0
59571518,0,654,1,2020,0.03,1,7
59596162,0,3400,3,2020,0.06,1,0
59621560,0,174,2,2020,0.49,2,1
59640574,0,188,2,2020,0.04,0,0
59656313,0,989,3,2020,0.32,1,7
59663963,0,527,3,2020,0.82,1,7
59705338,0,263,0,2020,0.57,0,1
59718857,0,1550,4,2020,0.23,1,0
59746823,0,79,1,2020,0.06,1,0
59855790,0,142,1,2020,0.13,5,0
59906550,0,149,1,2020,2.26,1,0
59916814,1,591,-2,2020,0.02,1,0
59962348,0,506,1,2020,2.62,1,0
59963911,0,3351,8,2020,0.14,1,16
59972698,0,209,0,2020,0.02,1,0
59987700,0,48,0,2020,0.01,1,0
60000942,0,334,0,2020,0.0,1,2
60002889,0,475,1,2020,0.14,1,0
60032801,0,419,0,2020,2.97,1,0
60052914,0,28,0,2020,0.04,1,6
60071517,1,459,0,2020,0.09,0,1
60094332,0,609,2,2020,0.01,1,0
60117707,0,18,1,2020,0.03,0,1
60173337,0,175,1,2020,64.69,0,0
60186944,1,412,4,2020,0.05,1,0
60285334,0,406,2,2020,0.23,2,3
60298349,0,242,2,2020,0.01,1,16
60359268,0,369,9,2020,2.54,1,0
60361070,0,1453,1,2020,0.01,1,0
60406366,1,2457,6,2020,0.03,0,0
60495864,0,115,0,2020,0.11,1,0
60509425,0,11736,10,2020,0.01,0,0
60516638,0,379,0,2020,1.45,1,16
60523332,0,594,1,2020,0.01,1,0
60557095,0,168,2,2020,6.42,2,1
60558960,0,1689,1,2020,0.13,0,1
60584807,0,473,1,2020,0.19,1,0
60589400,0,1145,3,2020,0.13,1,0
60604653,0,47,0,2020,0.01,0,4
60679416,1,217,1,2020,0.05,1,2
60711079,0,247,3,2020,13.16,0,1
60718831,1,1928,2,2020,13.1,5,3
60761711,0,482,0,2020,3.7,0,1
60807705,1,63,-1,2020,0.19,0,1
60824788,0,130,0,2020,0.23,0,1
60870690,1,761,0,2020,0.72,0,1
60882387,0,201,2,2020,5.02,0,0
60910269,0,150,2,2020,0.32,0,4
60915372,1,825,2,2020,0.0,1,0
60917339,0,105,1,2020,0.08,0,2
60922607,0,314,1,2020,0.01,1,0
60950094,0,745,2,2020,1.68,1,0
61119474,0,105,0,2020,0.05,0,1
61131940,0,319,0,2020,2.87,1,0
61178106,0,765,3,2020,34.01,1,0
61188185,0,3409,3,2020,0.21,5,1
61190181,0,49,0,2020,0.01,1,2
61283549,0,417,0,2020,0.01,1,0
61298195,0,261,4,2020,0.84,0,0
61368708,0,215,1,2020,84.31,0,0
61372645,1,2063,4,2020,0.0,1,0
61379879,0,642,1,2020,0.02,1,0
61405907,0,211,1,2020,0.21,4,3
61416529,0,918,1,2020,13.69,1,0
61446462,0,196,2,2020,0.01,0,0
61451021,1,417,0,2020,4.72,2,4
61453006,0,152,1,2020,0.14,0,1
61467389,0,1771,0,2020,3.83,1,0
61485980,0,341,0,2020,0.04,1,1
61511786,0,365,0,2020,0.2,1,0
61538955,0,677,2,2020,0.01,0,0
61562138,1,101,0,2020,0.99,1,2
61603429,0,251,1,2020,0.45,2,0
61637515,0,311,1,2020,0.02,1,16
61653090,1,147,0,2020,0.06,1,0
61688104,0,173,2,2020,2.94,1,0
61688282,1,572,1,2020,0.01,0,0
61704292,0,139,1,2020,0.04,1,0
61749548,0,761,2,2020,5.06,0,0
61760680,0,128,0,2020,2.13,0,4
61786172,1,260,0,2020,0.01,0,1
61812244,0,552,1,2020,0.06,0,0
61813977,0,557,1,2020,0.03,0,1
61855561,0,53,1,2020,0.03,0,0
61858738,1,146,0,2020,0.06,0,0
61868754,1,1094,1,2020,0.12,3,1
61887944,0,1072,2,2020,3.01,2,1
61891181,0,4296,9,2020,0.03,1,0
61904987,1,1309,1,2020,0.06,1,16
61907589,0,1128,2,2020,0.03,0,0
61912183,0,128,1,2020,0.03,1,0
61930021,0,544,1,2020,4.87,1,7
61956893,1,2520,3,2020,0.0,0,1
61965110,0,30,1,2020,0.0,3,2
61980906,0,225,0,2020,3.77,1,0
61988776,1,2596,2,2020,0.09,6,1
62026001,0,112,1,2020,5.95,0,1
62029901,1,131,0,2020,9.95,0,1
62047605,1,137,2,2020,0.6,0,0
62079034,0,224,1,2020,0.21,1,16
62081583,0,681,1,2020,0.43,1,0
62095767,0,2034,3,2020,6.31,1,0
62102576,0,811,4,2020,1.78,0,0
62113137,1,25,1,2020,0.09,0,0
62129733,0,424,1,2020,0.01,0,0
62135813,0,255,0,2020,1.75,0,1
62155922,1,275,0,2020,0.92,0,0
62166820,0,309,1,2020,0.04,3,2
62228373,1,357,1,2020,0.09,0,0
62242396,1,1017,0,2020,0.24,1,0
62271078,0,63,1,2020,1.47,0,0
62304650,0,511,2,2020,2.13,0,0
62320741,0,173,0,2020,0.19,0,1
62330654,0,87,1,2020,0.04,0,0
62342837,0,256,1,2020,0.04,0,0
62388524,0,121,3,2020,0.04,0,0
62405567,0,132,2,2020,0.06,1,14
62411406,0,123,0,2020,0.02,0,0
62487201,1,89,2,2020,0.39,1,0
62494963,0,693,2,2020,0.04,1,6
62528719,0,663,-1,2020,0.33,1,7
62545533,1,380,0,2020,0.01,6,4
62638558,0,49,1,2020,0.05,0,0
62650096,0,815,1,2020,0.02,1,0
62675441,0,48,1,2020,0.04,0,7
62695873,0,509,1,2020,0.06,1,0
62711603,0,609,1,2020,1.17,5,3
62721878,0,232,0,2020,0.05,0,3
62746529,0,63,0,2020,0.13,1,0
62759281,1,2690,3,2020,0.01,1,2
62813644,0,300,3,2020,0.13,1,0
62859581,0,197,0,2020,0.04,0,0
62878940,1,104,0,2020,1.24,0,0
62890389,0,43,1,2020,9.01,1,2
62910268,0,122,1,2020,0.01,1,0
62938074,0,319,1,2020,3.92,1,0
62948332,0,4521,14,2020,0.04,1,2
62952728,1,2115,0,2020,0.03,0,1
63021442,0,58,0,2020,0.02,0,1
63072898,0,344,1,2020,0.02,1,0
63076260,1,398,1,2020,0.15,0,1
63078284,0,215,0,2020,0.01,1,0
63094847,0,719,7,2020,4.36,1,0
63131273,1,2483,2,2020,0.08,0,1
63181951,0,2147,2,2020,0.52,4,1
63194311,0,249,1,2020,0.02,1,0
63202651,0,381,1,2020,6.95,1,0
63207282,0,308,0,2020,0.34,0,1
63211206,0,151,1,2020,20.64,0,6
63213366,0,74,0,2020,0.07,2,10
63238203,0,3663,2,2020,0.04,1,0
63267105,0,306,1,2020,0.03,1,0
63278000,0,384,1,2020,0.05,1,16
63286750,0,1274,2,2020,0.01,1,0
63316700,0,67,0,2020,0.01,1,0
63393651,1,90,0,2020,0.02,0,4
63410108,1,307,1,2020,0.23,0,4
63414719,0,83,1,2020,0.03,0,1
63417829,0,466,-1,2020,3.04,0,7
63480337,0,206,0,2020,0.02,0,0
63492310,0,31,0,2020,0.04,1,15
63507023,0,1470,2,2020,0.19,1,0
63508818,0,1173,1,2020,4.55,1,0
63552044,1,2195,5,2020,0.02,0,7
63554912,0,209,3,2020,0.17,0,0
63605446,0,539,2,2020,0.07,0,1
63623780,0,171,1,2020,0.01,3,3
63647547,1,1088,3,2020,0.09,4,2
63659570,0,587,0,2020,0.35,0,1
63661719,0,267,1,2020,0.61,0,1
63663399,0,103,0,2020,0.26,1,0
63680281,1,163,0,2020,0.15,1,0
63689286,0,35,1,2020,0.02,0,1
63704145,0,75,2,2020,0.02,0,7
63727261,0,218,2,2020,0.05,0,1
63749267,1,971,4,2020,0.0,0,0
63810741,1,770,1,2020,0.01,0,1
63877465,0,217,0,2020,0.0,1,0
63878497,0,521,1,2020,114.14,2,4
63899389,0,133,0,2020,3.32,1,0
63957457,0,123,1,2020,0.02,0,0
63963231,0,62,0,2020,2.74,0,0
63977589,0,141,0,2020,1.03,1,0
64015444,1,721,3,2020,0.02,0,4
64024312,1,794,6,2020,0.16,0,0
64116920,0,28,1,2020,0.01,1,0
64118353,0,131,1,2020,0.01,1,7
64125019,0,138,1,2020,0.12,0,0
64129397,0,462,0,2020,0.09,0,1
64164723,0,201,0,2020,0.04,0,3
64182698,0,93,0,2020,0.0,0,1
64184509,0,146,3,2020,10.2,1,2
64195074,0,139,1,2020,0.03,0,0
64230745,0,50,0,2020,0.47,1,2
64263839,1,452,2,2020,0.02,1,0
64310972,0,130,0,2020,0.43,1,0
64316857,1,151,0,2020,0.02,1,16
64321779,0,700,0,2020,0.78,1,16
64329250,0,52,0,2020,0.05,1,0
64376223,0,411,0,2020,0.05,1,2
64415908,0,85,0,2020,0.37,1,0
64420297,0,162,1,2020,2.28,1,16
64436372,0,640,1,2020,0.33,1,2
64452138,0,738,1,2020,0.03,1,16
64474239,0,69,0,2020,100.46,1,0
64488600,0,166,0,2020,0.08,1,16
64504209,1,78,0,2020,88.96,1,0
64519523,0,832,1,2020,1.01,5,1
64523176,0,128,0,2020,0.01,0,1
64622210,0,5389,6,2020,0.06,4,2
64623277,1,1802,2,2020,0.61,1,0
64663867,0,1051,0,2020,0.22,1,0
64687665,0,192,1,2020,0.04,0,1
64694111,0,71,1,2020,10.36,1,0
64718134,0,62,2,2020,1.73,2,1
64721321,1,1744,3,2020,0.06,0,1
64756609,0,122,1,2020,1.92,1,0
64771656,1,424,1,2020,0.0,0,1
64792825,0,102,2,2020,0.03,1,0
64805127,0,288,1,2020,0.09,1,0
64839600,1,549,3,2020,0.03,0,0
64842818,0,22,0,2020,0.01,0,0
64859700,0,292,1,2020,8.1,1,0
64895665,1,37,0,2020,0.14,0,1
64903759,1,50,0,2020,0.08,0,0
64939460,1,188,0,2020,0.11,1,0
64956763,0,156,0,2020,0.34,2,1
64961487,0,204,0,2020,1.6,0,0
64965116,0,224,0,2020,0.01,1,0
64970850,0,43,1,2020,0.03,0,0
65006784,0,118,2,2020,0.01,0,0
65017004,0,79,1,2020,0.17,1,7
65017261,1,546,0,2020,0.02,1,2
65017769,0,558,0,2020,0.58,1,0
65026361,0,337,0,2020,0.0,0,1
65075327,0,34,0,2020,0.02,4,3
65083581,1,446,3,2020,0.08,1,0
65108218,1,21,0,2020,0.02,1,16
65114032,0,236,0,2020,1.34,0,1
65139693,0,310,2,2020,10.77,1,0
65145970,0,57,0,2020,0.06,1,0
65148117,0,248,0,2020,0.05,1,0
65219970,0,437,7,2020,0.04,3,0
65230657,0,305,0,2020,0.23,0,0
65243290,1,373,1,2020,0.21,2,1
65247830,0,119,0,2020,0.05,1,14
65263666,1,772,0,2020,0.05,0,4
65275805,0,267,1,2020,0.26,1,0
65342928,1,365,1,2020,0.07,1,11
65356172,0,512,0,2020,1.18,6,1
65414762,0,85,1,2020,0.04,0,3
65456174,1,347,0,2020,0.07,1,0
65473588,0,298,0,2020,0.2,0,0
65498782,1,1680,4,2020,9.6,4,2
65509856,0,129,1,2020,0.05,1,0
65546753,0,151,0,2021,0.13,0,0
65580068,0,38,1,2021,2.11,0,1
65596026,1,475,0,2021,0.08,0,6
65617507,1,203,0,2021,0.0,0,1
65622728,0,27,2,2021,0.01,0,0
65623906,1,182,3,2021,0.12,0,0
65632501,0,154,0,2021,0.01,0,0
65638650,0,33,0,2021,0.17,1,2
65685460,0,34,0,2021,0.0,0,0
65685716,0,64,0,2021,0.03,1,14
65714757,0,118,0,2021,0.24,0,1
65717644,0,36,0,2021,0.02,0,1
65791603,0,40,0,2021,0.02,0,3
65794673,1,506,3,2021,0.01,0,1
65796103,0,95,1,2021,0.51,0,1
65845857,1,93,0,2021,0.25,1,0
65872473,1,35,1,2021,0.16,0,3
65934960,0,136,0,2021,0.01,0,1
65944621,0,63,1,2021,0.0,1,0
66055798,1,26,1,2021,0.22,1,5
66065570,0,83,2,2021,0.01,0,1
66066179,0,107,0,2021,0.05,1,16
66085953,0,168,0,2021,0.04,0,1
66100598,1,34,0,2021,0.03,2,4
66152766,1,1088,0,2021,0.43,1,0
66191450,0,190,0,2021,0.01,6,2
66191785,0,322,0,2021,0.04,6,2
66268993,1,947,0,2021,0.56,0,1
66287552,1,148,1,2021,0.33,1,0
66290662,1,1137,0,2021,1.42,4,1
66304420,0,41,0,2021,0.13,0,0
66338144,1,157,1,2021,0.22,0,1
66343862,1,53,1,2021,0.29,1,0
66379373,1,208,1,2021,0.02,0,1
66384428,0,83,0,2021,0.03,1,6
66394598,0,133,1,2021,0.68,2,13
66409421,1,101,1,2021,0.07,0,0
66450561,0,129,-1,2021,0.29,1,7
66451470,1,48,1,2021,0.16,0,0
66493770,0,187,1,2021,3.95,1,0
66497891,0,172,1,2021,160.35,1,16
66509067,0,38,0,2021,0.28,1,0
66533863,1,89,0,2021,0.01,6,2
66538338,0,52,-2,2021,0.05,1,0
66576655,1,96,0,2021,0.06,0,0
66606405,1,85,2,2021,0.01,0,1
66693260,0,308,-2,2021,3.2,1,2
66702091,0,30,0,2021,0.05,0,8
66729085,0,111,1,2021,0.03,1,0
66766423,1,89,1,2021,0.0,0,1
66878893,0,278,1,2021,55.76,1,0
66882814,1,36,0,2021,0.33,1,12
66885220,0,82,1,2021,0.06,0,0
66910479,1,66,0,2021,0.02,6,3
66934276,0,59,1,2021,0.03,1,0
66947465,0,335,0,2021,0.02,0,0
66980404,0,58,1,2021,0.26,1,14
66983088,1,63,1,2021,0.01,1,2
67114882,1,32,1,2021,0.01,0,0
67123407,0,73,0,2021,0.14,0,1
67164667,1,91,3,2021,0.06,0,4
67171002,0,107,6,2021,0.81,1,0
67174341,0,88,1,2021,0.0,0,0
67176547,0,627,4,2021,0.17,1,0
67183122,1,80,0,2021,0.01,0,1
67186064,1,40,0,2021,0.01,0,1
67268673,1,25,1,2021,0.2,0,1
67305406,0,97,0,2021,0.61,4,5
67328098,1,182,3,2021,0.31,0,0
67354515,0,42,0,2021,0.01,1,0
67362672,0,71,0,2021,20.49,0,1
67370107,1,27,0,2021,0.08,0,7
67432139,0,40,0,2021,0.03,1,0
67441163,1,245,0,2021,0.71,0,0
67444158,0,41,0,2021,0.25,1,0
67459346,0,349,1,2021,9.19,1,0
67469355,1,156,0,2021,0.04,1,0
67472521,0,29,0,2021,0.0,0,7
67570342,1,67,1,2021,0.27,0,1
67636554,0,35,0,2021,0.1,1,0
67652103,0,53,0,2021,0.7,1,0
67681802,0,40,0,2021,0.09,0,1
67708191,1,29,1,2021,0.03,0,1
67711752,1,52,1,2021,0.01,0,1
67719725,0,42,1,2021,0.03,1,0
67722328,1,321,0,2021,1.95,2,1
67760590,1,87,0,2021,0.03,1,16
67770595,0,81,2,2021,2.12,1,0
67895488,0,66,0,2021,0.02,0,0
67959327,1,141,2,2021,0.12,6,1
67980314,0,58,3,2021,0.24,1,0
68063453,1,80,1,2021,0.1,1,16
68073175,0,79,2,2021,0.12,1,16
68078664,0,64,-1,2021,0.01,0,0
68150248,1,31,0,2021,0.0,0,0
68174864,0,18,1,2021,0.01,1,0
68190047,0,33,0,2021,0.01,6,2
68192626,1,166,1,2021,0.02,0,6
68210937,0,23,0,2021,0.18,1,0
68219400,0,27,0,2021,0.12,0,0
68272474,0,34,1,2021,0.8,4,3
68314208,0,79,0,2021,0.28,0,6
68345125,0,47,1,2021,0.25,0,1
68398528,1,38,0,2021,0.18,1,0
68556396,1,20,1,2021,0.01,1,16
68609414,0,83,1,2021,0.85,0,1
68615468,0,33,0,2021,0.02,0,0
68649958,0,23,0,2021,0.02,1,16
68653578,1,64,0,2021,0.01,0,0
68708253,0,37,0,2021,0.47,1,11
68814074,1,31,3,2021,0.02,0,0
68843958,0,127,3,2021,0.49,1,0
68852988,1,29,0,2021,0.11,1,2
68913379,0,70,5,2021,0.06,1,16
68924829,1,17,0,2021,0.01,1,0
68960509,1,19,2,2021,0.05,0,0
56687784,0,115,2,2019,0.0,1,7
59263406,0,238,3,2019,0.0,1,4
31921084,2,6432,8,2015,0.04,2,2
33229222,2,4918,5,2015,0.03,1,7
33759623,0,439750,621,2015,939.73,1,2
34567454,2,1767,3,2016,0.05,1,2
34972881,0,566,2,2016,0.22,3,0
35689547,0,1321,3,2016,0.01,2,0
35961216,0,11944,21,2016,761.76,2,0
36105763,0,1550,1,2016,0.05,2,6
36410926,2,305,-3,2016,1.5,2,0
36621741,0,1618,2,2016,0.01,1,7
37035658,0,1568,0,2016,55.98,1,2
37237940,0,5766,6,2016,599.34,3,0
37578876,0,3205,4,2016,0.05,3,0
37797194,0,6499,9,2016,15.01,4,4
37858866,0,3909,4,2016,12.83,2,5
38160940,0,47126,66,2016,0.03,2,4
38225770,0,10120,6,2016,0.03,0,0
38899939,0,3438,1,2016,0.09,1,5
39176529,0,1601,1,2016,0.14,0,0
39216625,0,1533,0,2016,0.61,0,3
39217795,0,1870,3,2016,0.86,2,6
39325275,0,20973,25,2016,0.27,2,0
39859516,0,6219,4,2016,5.8,0,1
39969751,0,11342,1,2016,199.3,2,2
39983591,0,1181,2,2016,198.66,2,5
40060983,0,1986,3,2016,0.1,3,0
40592448,0,1179,0,2016,56.95,3,0
40617680,0,781,0,2016,0.16,0,3
40725850,0,415,0,2016,0.01,2,7
40736859,0,14623,4,2016,0.01,0,3
40745954,0,1926,1,2016,1.91,2,0
40788785,0,13111,40,2016,0.96,0,6
40958983,2,222,0,2016,2.4,0,6
41369700,0,708,1,2016,0.87,1,0
41616292,0,1754,2,2017,13.09,2,0
42180906,0,130,1,2017,0.01,1,0
42211833,0,19843,6,2017,0.03,3,0
42263689,0,2497,0,2017,0.08,0,6
42264567,0,7345,11,2017,0.01,2,3
42334674,0,2261,1,2017,0.52,2,0
42356596,0,398,1,2017,0.03,2,3
42478339,0,246,1,2017,0.1,3,0
42493734,0,2532,2,2017,67.11,1,0
42640757,0,1630,2,2017,106.83,2,2
42707648,0,508,0,2017,2.79,0,6
42762160,0,2234,3,2017,0.01,2,0
42813989,0,1094,3,2017,19.07,0,3
43031674,0,1164,3,2017,0.02,3,0
43236349,0,457,0,2017,0.01,5,0
43243527,0,11783,19,2017,0.01,2,0
43264153,0,109,0,2017,0.36,3,0
43336553,0,5931,4,2017,4.91,2,4
43361570,0,1858,2,2017,1.49,2,5
43540318,0,1563,1,2017,17.48,4,0
43649558,0,2300,3,2017,0.06,1,3
44146655,1,5448,8,2017,148.78,1,1
44201892,0,5998,4,2017,0.02,2,2
44203623,0,833,0,2017,0.62,2,4
44324087,0,818,0,2017,0.02,3,0
44413794,0,819,1,2017,0.07,1,1
44419923,0,957,2,2017,32.69,0,0
44510024,0,2826,2,2017,0.58,2,10
44557601,0,6337,3,2017,160.19,1,1
44722899,0,112,0,2017,0.03,0,5
44740479,0,2916,8,2017,0.01,6,2
44764887,0,454,2,2017,0.14,2,2
44808812,0,4112,0,2017,0.04,1,2
44874973,0,1395,1,2017,0.09,1,2
45083474,0,220,1,2017,35.54,0,3
45113130,0,10272,22,2017,37.64,1,0
45120672,0,2153,4,2017,1.79,1,1
45466020,0,95296,70,2017,0.01,0,0
45595646,0,6728,4,2017,60.37,2,2
45705070,0,28096,21,2017,0.88,3,0
45864363,0,41627,35,2017,0.14,0,0
45900653,0,21245,15,2017,0.34,3,0
45971476,0,485,1,2017,0.33,2,2
46098863,0,23628,24,2017,2.79,3,0
46425412,0,1785,0,2017,15.07,1,1
46483715,0,732,1,2017,4.07,2,5
46513886,1,2511,1,2017,0.09,1,1
46572061,0,1369,2,2017,0.16,0,6
46729569,0,203,1,2017,3.08,1,1
46733863,0,586,2,2017,0.11,0,5
46738421,0,55,-1,2017,17.99,3,0
46743430,0,1195,2,2017,0.02,3,0
46882503,0,49,0,2017,0.04,0,6
46894808,0,2536,3,2017,311.79,0,3
47092626,0,3701,1,2017,5.03,2,11
47197885,1,19195,10,2017,0.15,0,6
47287858,1,1974,0,2017,0.03,0,1
47492631,0,1083,0,2017,0.25,1,7
47708655,0,12379,8,2017,0.05,2,2
47762902,0,1160,2,2017,0.54,5,0
47807934,0,987,3,2017,0.06,1,0
47972344,0,1301,2,2017,0.56,2,0
48017748,0,1689,1,2017,5.03,2,5
48028262,0,1297,3,2017,0.47,2,5
48422869,0,1298,1,2018,5.23,5,2
48523923,0,1213,1,2018,0.24,2,8
48604972,0,1672,2,2018,1.61,1,3
48915279,0,85,3,2018,1.26,2,0
49095849,0,2063,8,2018,0.05,2,7
49099687,0,5035,6,2018,0.03,4,1
49303232,0,65,0,2018,0.01,3,0
49306407,0,986,2,2018,38.17,2,3
49433936,1,233774,175,2018,0.0,1,7
49592724,0,8940,2,2018,0.01,1,4
49640586,0,91,2,2018,0.03,2,0
49662869,0,537,1,2018,0.08,2,6
49710537,1,36512,44,2018,4.96,1,0
49757054,0,29,1,2018,0.15,1,1
49777177,0,121,0,2018,1.08,1,2
49888935,0,50,2,2018,0.08,2,0
50007424,0,548,0,2018,0.01,2,0
50059070,0,704,-1,2018,0.05,1,1
50083764,0,1595,0,2018,13.31,0,0
50092589,0,3509,5,2018,0.01,1,1
50128278,0,5691,1,2018,260.94,3,0
50137784,0,14900,5,2018,0.11,0,3
50151585,0,5684,1,2018,0.0,3,0
50159209,0,1219,2,2018,0.19,2,4
50178850,0,583,1,2018,0.14,1,7
50198984,0,484,2,2018,0.15,3,0
50249658,1,1728,1,2018,0.08,2,0
50383462,0,10845,4,2018,0.1,1,7
50405987,0,864,2,2018,0.19,2,4
50425850,0,576,-1,2018,0.01,2,4
50477280,0,115,0,2018,0.06,2,9
50632258,0,45420,23,2018,1.16,1,2
50737192,0,53745,44,2018,0.02,0,0
50771636,0,118,0,2018,0.4,0,3
50874596,0,2959,7,2018,0.0,2,11
51364077,0,2187,1,2018,0.08,6,0
51382664,0,2578,5,2018,0.02,1,8
51451828,0,53,0,2018,0.38,0,1
51453073,0,44,1,2018,0.07,2,9
51555668,0,973,2,2018,0.04,2,6
51649482,0,1015,4,2018,0.14,1,2
51895395,0,1653,2,2018,0.03,0,0
51910365,0,490,1,2018,0.01,4,4
52289736,0,602,2,2018,0.03,2,5
52306461,0,460,3,2018,11.72,2,6
52378821,0,2766,2,2018,15.29,1,1
52532150,0,435,4,2018,0.14,1,1
52546444,0,1882,4,2018,0.31,2,0
52614922,0,10467,0,2018,0.01,4,1
52637970,0,1438,2,2018,0.14,0,1
52660985,1,19737,18,2018,0.42,1,5
52831351,0,2015,9,2018,7.79,6,5
53003208,0,4511,3,2018,3.82,2,5
53232969,0,2593,6,2018,0.85,4,1
53242203,0,72,0,2018,6.53,2,8
53316174,1,2138,4,2018,0.64,0,7
53357706,0,613,0,2018,0.59,2,3
53491527,0,1836,1,2018,0.15,1,2
53626504,0,608,4,2018,0.16,1,4
53645910,0,36,0,2018,0.04,3,2
53699201,0,1272,0,2018,13.8,4,4
53835491,0,111,0,2018,0.03,0,3
54028273,0,323,1,2019,0.01,1,2
54262318,0,4079,1,2019,216.45,3,0
54284274,0,1479,1,2019,0.11,2,11
54420732,0,1565,2,2019,0.02,6,0
54432706,0,2107,0,2019,1.27,3,0
54447084,1,8194,1,2019,0.91,2,3
54450587,0,91,0,2019,0.03,2,7
54451105,0,375,0,2019,0.01,3,0
54549539,0,1369,1,2019,0.05,2,2
54734556,1,530,8,2019,1.07,2,3
54772504,0,1034,2,2019,0.66,4,1
54843448,0,1669,0,2019,0.86,0,0
54853018,0,672,2,2019,1.2,0,5
55005915,0,373,0,2019,0.75,0,1
55159789,0,5559,4,2019,0.01,4,4
55162148,0,1512,3,2019,0.49,1,1
55237899,1,1762,0,2019,0.16,1,1
55262614,0,3195,3,2019,163.14,0,3
55268762,0,7228,17,2019,0.75,2,1
55275221,0,543,0,2019,0.04,1,1
55375665,0,1855,0,2019,3.66,0,6
55457045,0,2279,4,2019,0.04,2,8
55485966,0,2244,2,2019,0.7,3,0
55491846,0,2652,5,2019,0.04,6,3
55511857,1,8167,6,2019,0.07,5,4
55529755,0,1772,2,2019,0.31,2,2
55565703,0,116,2,2019,0.27,0,3
55624509,0,808,2,2019,0.2,0,3
55627252,0,993,1,2019,0.01,2,2
55652981,0,1551,4,2019,0.03,0,1
55762706,1,1634,0,2019,0.33,1,1
55841854,0,3762,0,2019,0.21,1,1
55845002,0,519,1,2019,0.22,2,6
55909526,0,2837,4,2019,0.02,0,3
55959918,1,1270,0,2019,0.04,0,3
55962158,0,3692,4,2019,0.28,2,8
56090931,0,257,0,2019,0.05,2,0
56092361,0,1672,2,2019,0.01,2,0
56107325,0,661,0,2019,0.04,0,1
56150502,0,3308,2,2019,0.05,1,4
56181234,0,93,0,2019,0.02,2,0
56208810,0,1866,2,2019,0.11,4,1
56388478,0,161,0,2019,0.02,1,1
56540884,0,161,1,2019,0.08,1,7
56554732,0,37,1,2019,0.13,1,7
56721292,0,1108,1,2019,0.02,0,3
56766639,0,13627,12,2019,1.34,1,4
56778779,1,191,-1,2019,0.03,2,0
56895298,0,386,0,2019,0.64,0,1
57000160,0,721,1,2019,0.01,3,0
57001183,0,1085,2,2019,0.03,1,7
57010053,0,89,1,2019,0.03,1,3
57092490,0,388,0,2019,3.04,2,0
57116847,0,1931,0,2019,0.06,1,1
57240634,0,889,2,2019,0.19,1,1
57244945,0,814,3,2019,3.78,2,3
57246630,1,2355,4,2019,0.1,0,5
57260701,0,88,-2,2019,0.55,0,5
57426096,0,47,2,2019,2.92,1,0
57437941,0,5167,2,2019,0.2,1,0
57481599,0,973,2,2019,0.37,3,0
57642361,0,1361,3,2019,0.14,0,3
57644272,0,142,0,2019,3.9,1,4
57655992,0,546,1,2019,0.0,0,5
57738842,0,192,1,2019,1.14,2,2
57744341,0,294,0,2019,0.01,1,4
57798262,0,424,1,2019,0.01,1,1
57816305,0,429,3,2019,0.12,1,1
58037682,0,1669,0,2019,0.09,2,0
58044796,0,1367,-1,2019,0.06,0,5
58046178,1,179,1,2019,0.01,0,6
58176523,1,1580,0,2019,0.19,3,0
58193588,0,2567,2,2019,2.07,2,8
58202496,0,62,1,2019,0.07,1,1
58349732,1,1052,0,2019,0.07,0,0
58364974,0,1784,1,2019,0.02,1,8
58417374,1,5351,8,2019,0.67,1,1
58447302,0,2864,1,2019,4.99,0,0
58448368,0,450,2,2019,0.12,2,0
58488106,1,2044,0,2019,0.02,2,4
58735009,0,758,5,2019,1.19,3,0
58736787,0,1492,2,2019,1.04,1,1
58770157,1,339,1,2019,0.07,2,3
58890437,0,1061,0,2019,0.03,3,0
58939031,0,872,3,2019,0.81,3,0
58955580,0,1278,4,2019,0.01,4,1
59007950,1,1816,0,2019,0.35,1,1
59025343,0,692,2,2019,2.04,3,0
59025520,0,809,0,2019,0.02,6,3
59109662,0,108,1,2019,0.03,3,0
59170388,1,104,3,2019,0.03,2,4
59185729,0,2786,4,2019,0.79,5,0
59186114,1,48,1,2019,0.03,2,0
59227476,0,1162,4,2019,3.23,0,5
59268822,0,10265,4,2019,1.94,0,3
59336883,0,751,1,2019,75.56,4,1
59406465,0,59,0,2019,0.01,2,4
59487921,0,293,0,2019,0.36,0,3
59563085,0,2620,4,2020,0.09,2,7
59705507,0,1313,2,2020,0.12,4,1
59763800,0,121,0,2020,0.12,1,3
59832578,0,525,0,2020,13.14,3,0
59836100,0,1695,5,2020,31.57,0,5
59903305,0,959,2,2020,0.04,3,1
59933668,0,150,2,2020,0.0,2,13
60066950,0,3352,2,2020,0.08,1,8
60130918,0,5337,3,2020,0.01,0,5
60182837,0,311,0,2020,0.17,1,1
60209407,0,302,1,2020,0.02,1,0
60245055,0,224,2,2020,0.26,2,0
60387222,0,43,-2,2020,0.01,0,5
60577242,1,357,-1,2020,14.76,0,5
60759990,0,218,0,2020,0.03,1,3
60822189,0,456,0,2020,1.8,5,5
60996892,0,2506,4,2020,0.29,2,10
61037819,1,3853,6,2020,0.4,1,1
61046870,0,2631,2,2020,0.02,2,3
61139855,0,4753,2,2020,0.65,1,3
61158436,0,328,2,2020,0.04,1,7
61195211,1,86,0,2020,0.42,0,1
61368378,0,902,0,2020,0.01,0,5
61464726,1,53,0,2020,0.28,2,3
61465103,0,6183,5,2020,1.27,1,1
61466507,0,1511,2,2020,0.06,2,9
61482192,0,470,2,2020,1.72,2,9
61535668,0,1978,1,2020,3.47,0,5
61551358,0,315,0,2020,0.03,0,5
61580758,0,354,0,2020,1.9,1,3
61717894,0,448,2,2020,1.72,2,2
61940417,0,27,0,2020,0.02,1,1
61959517,0,4839,2,2020,0.01,2,0
61981416,0,171,0,2020,0.02,2,2
62072536,1,168,0,2020,0.01,2,0
62081517,0,482,2,2020,9.07,1,1
62143332,1,1058,1,2020,0.08,1,7
62246656,1,2765,0,2020,0.01,1,7
62248523,1,54,0,2020,0.15,5,0
62465921,0,1070,1,2020,0.11,1,16
62528853,0,777,2,2020,9.52,1,1
62544836,0,3213,5,2020,0.0,1,3
62566791,0,164,0,2020,0.06,2,0
62602435,0,212,0,2020,3.78,2,0
62630203,0,338,0,2020,0.01,1,8
62671668,0,965,1,2020,5.77,1,1
62677043,0,43,0,2020,0.0,2,0
62811291,0,202,2,2020,0.03,2,2
62872089,1,507,1,2020,0.01,0,5
62921140,0,129,0,2020,0.75,0,5
62990743,0,76,0,2020,0.12,0,5
63178358,0,114,-1,2020,0.92,0,0
63290963,0,380,1,2020,0.02,1,5
63311327,0,298,1,2020,0.12,4,1
63443348,1,347,2,2020,0.07,2,0
63465734,0,1336,0,2020,3.83,1,1
63485189,0,129,1,2020,0.01,2,2
63491016,0,712,1,2020,3.51,3,0
63656778,0,1948,9,2020,4.88,1,1
63659058,0,453,0,2020,0.62,3,0
63728740,0,260,1,2020,3.96,1,3
63786278,1,420,1,2020,0.24,0,1
63851431,0,403,-1,2020,0.07,0,5
63965968,0,137,0,2020,0.03,0,5
64075650,0,330,0,2020,0.31,0,6
64101808,0,217,1,2020,0.01,3,0
64185460,0,279,1,2020,3.02,5,0
64576266,0,485,0,2020,0.92,1,7
64646247,0,709,0,2020,0.0,0,5
64750914,0,107,0,2020,0.37,0,5
64779266,1,267,0,2020,0.08,2,0
64844839,0,68,0,2020,0.04,1,1
64846130,0,185,0,2020,0.45,1,16
65053253,0,128,0,2020,1.06,1,2
65103165,0,51,0,2020,0.09,2,0
65136338,0,276,0,2020,0.09,4,0
65142786,0,89,0,2020,0.09,2,6
65216411,1,1331,0,2020,0.0,1,2
65285054,1,883,0,2020,2.67,1,1
65344578,1,879,6,2020,0.0,2,7
65467299,0,247,3,2020,0.02,2,10
65477554,0,192,1,2020,0.65,1,1
65531899,0,44,0,2021,0.57,2,3
65535101,0,113,0,2021,0.19,3,0
65554711,1,575,-1,2021,0.03,0,6
65605345,0,139,0,2021,0.01,2,7
65654159,0,28,0,2021,0.01,1,2
65693459,0,59,1,2021,0.03,2,0
65838180,1,28,0,2021,0.62,3,0
65942274,0,61,0,2021,0.06,0,6
66048377,0,52,1,2021,0.01,4,4
66213482,0,50,1,2021,0.63,2,0
66289113,0,33,0,2021,0.18,0,5
66393460,1,28,0,2021,0.08,1,8
66443620,1,215,2,2021,45.01,6,0
66598598,0,87,1,2021,6.03,2,0
66772446,0,95,1,2021,0.16,3,0
66800787,0,98,2,2021,1.38,2,0
66820943,0,349,0,2021,3.65,1,1
66837940,0,338,1,2021,0.2,1,2
66848738,1,195,1,2021,0.17,0,6
66873097,0,235,0,2021,0.03,2,0
67016628,1,228,-1,2021,0.63,0,5
67052427,0,614,0,2021,0.19,1,1
67111344,0,70,0,2021,0.05,2,0
67145393,0,48,0,2021,0.04,2,0
67205948,1,303,7,2021,0.08,1,1
67211745,0,47,1,2021,0.05,2,0
67331114,0,71,1,2021,1.76,3,2
67505670,1,54,3,2021,0.13,0,3
67531649,0,60,1,2021,0.17,2,0
67619611,1,35,0,2021,0.18,2,0
67759230,1,32,0,2021,0.35,1,1
67771706,0,34,1,2021,0.1,1,1
67789463,1,40,1,2021,0.07,1,14
68047331,1,55,0,2021,0.02,1,1
68115889,0,58,1,2021,0.17,4,0
68265735,0,46,1,2021,0.24,1,2
68293253,1,31,0,2021,0.3,6,3
68585478,0,41,0,2021,2.41,1,1
68632076,1,48,0,2021,0.11,3,0
68664900,0,41,0,2021,0.01,3,0
68694221,1,28,0,2021,0.02,2,2
68703623,1,32,0,2021,0.66,2,3
68767555,0,33,1,2021,0.01,5,0
68980724,1,32,0,2021,0.01,1,1
43723770,0,673,0,2017,0.34,2,0
45724606,0,1592,6,2017,6.84,2,0
46528348,0,1532,3,2017,3.03,0,3
54259943,1,208,0,2019,0.06,0,3
56764048,1,1069,2,2019,168.36,2,0
58525908,1,60,1,2019,0.22,2,0
65285508,0,104,-1,2020,0.11,2,0
67071168,1,70,2,2021,0.02,2,0
67287346,1,30,1,2021,0.01,2,0
57189133,1,312,1,2019,0.01,5,0
65316550,1,362,1,2020,6.42,0,3
66219090,0,355,1,2021,0.07,1,2
40879504,0,56616,41,2016,0.14,1,0
42607930,0,13028,9,2017,0.01,6,0
44207329,0,2366,2,2017,0.04,4,1
50773842,1,2338,0,2018,1.06,6,0
52439468,0,6817,3,2018,0.08,0,5
55164505,0,486,2,2019,0.01,4,2
56991909,0,607,1,2019,0.03,4,2
57401924,0,176,1,2019,0.03,0,3
60431895,0,77,0,2020,0.01,6,1
60616842,0,2277,3,2020,12.11,6,1
61163708,0,214,1,2020,6.85,6,0
61524717,1,2735,0,2020,0.05,6,0
61992707,0,537,1,2020,0.18,6,0
62291458,0,816,1,2020,0.01,6,0
62421732,0,39,0,2020,0.01,6,0
63106109,1,5256,2,2020,0.3,4,2
63253271,0,138,0,2020,0.26,6,0
63966974,0,1535,0,2020,31.23,4,2
64160528,0,755,3,2020,8.66,6,4
65165279,0,195,1,2020,0.06,6,4
67288750,1,204,0,2021,0.02,6,0
67773921,0,39,2,2021,0.0,4,2
68018762,0,74,0,2021,0.94,3,0
68751439,0,20,0,2021,0.01,6,0
31935294,2,122,1,2015,0.19,3,1
34060332,0,12648,3,2015,1.34,3,1
37244708,0,999,0,2016,0.31,3,2
39300880,2,9865,18,2016,0.38,6,2
41058131,0,1177,0,2016,0.02,3,1
41116782,0,11976,4,2016,0.01,3,1
41256846,0,6246,3,2016,0.0,3,1
41284752,2,1153,0,2016,0.68,3,0
41537583,0,9056,3,2017,0.18,3,0
42311607,0,1185,0,2017,0.01,3,1
43701902,0,11701,12,2017,0.23,1,1
44558094,0,605,0,2017,0.1,3,1
45243527,0,720,0,2017,33.05,3,0
45761584,0,2892,2,2017,0.01,3,0
45896529,0,1283,0,2017,0.02,4,4
47254753,0,995,0,2017,0.61,4,5
47313589,0,2944,1,2017,0.3,3,1
47349426,0,4428,8,2017,13.11,3,1
48165844,0,1106,0,2018,0.09,3,1
48975337,0,1560,2,2018,0.06,3,1
49239478,0,3189,0,2018,0.19,3,1
49245331,0,167,1,2018,0.82,3,0
50180230,0,68,-2,2018,0.02,3,0
50355859,1,3251,1,2018,0.64,4,2
50518569,0,184,0,2018,0.01,3,3
50639216,0,384,0,2018,0.18,4,5
50895494,0,314,0,2018,0.01,3,0
51045781,0,639,4,2018,8.75,3,1
52771791,0,397,1,2018,0.1,3,0
53175789,0,501,1,2018,1.89,3,0
53416170,0,1891,2,2018,0.21,4,5
53862626,0,512,0,2018,90.55,3,1
54495298,0,7283,2,2019,0.01,3,1
54495737,0,164,0,2019,0.0,3,1
54619296,0,165,2,2019,0.02,3,0
55617648,0,4042,1,2019,0.65,1,2
55677342,0,715,1,2019,0.05,3,1
56201147,1,2175,2,2019,6.68,3,1
56703712,0,371,1,2019,0.01,3,0
56906330,0,174,0,2019,0.31,4,5
56930742,0,38,2,2019,0.0,3,1
57237748,0,499,1,2019,0.0,6,0
57516673,0,6497,2,2019,0.01,3,0
57849831,0,701,2,2019,27.94,3,0
58764947,0,168,0,2019,0.02,3,0
59441874,0,163,-4,2019,0.23,3,0
59885079,0,303,1,2020,0.02,3,0
59946574,0,826,0,2020,0.01,3,0
60182984,1,4379,4,2020,0.05,3,1
60272086,1,1946,3,2020,0.27,4,5
60551312,0,206,0,2020,0.03,1,2
60605649,1,142,1,2020,0.56,3,1
60732647,0,2582,1,2020,0.66,3,0
60743405,0,338,0,2020,0.0,3,0
60868391,0,1726,0,2020,0.13,4,5
61001855,1,3323,0,2020,1.86,1,2
61051335,1,1861,1,2020,0.56,3,1
61068472,0,224,0,2020,0.01,3,0
61443543,0,570,0,2020,0.02,3,0
61521598,0,118,0,2020,0.04,3,1
61580826,0,51,0,2020,0.37,3,0
61784939,0,1107,1,2020,0.18,1,1
62237763,0,206,1,2020,1.43,3,0
62777583,0,491,1,2020,2.14,3,0
62864745,0,77,1,2020,0.18,3,0
62995337,0,2427,0,2020,0.0,3,0
63477121,0,35,0,2020,107.04,3,2
64203805,0,25,0,2020,0.03,3,1
64954560,0,187,0,2020,0.5,3,0
65344230,0,90,0,2020,0.08,1,16
65408896,0,300,0,2020,0.61,3,0
65410731,1,190,2,2020,0.01,3,1
66037389,0,86,-1,2021,0.02,6,1
66225567,0,126,0,2021,0.01,3,1
66428404,0,46,0,2021,0.09,3,0
66882981,0,118,0,2021,0.03,3,1
67244258,1,1083,0,2021,0.01,3,1
67510845,1,40,3,2021,0.01,3,1
68747193,0,31,0,2021,0.44,3,1
68811149,1,34,0,2021,10.87,3,1
58525281,0,144,1,2019,0.07,0,1
58545092,0,456,2,2019,10.72,5,4
58660031,1,585,2,2019,0.02,0,0
58699012,1,375,0,2019,0.02,0,1
58766282,0,158,0,2019,0.01,1,11
58979824,0,836,2,2019,4.16,1,16
59003050,0,477,0,2019,0.08,0,1
59174696,0,88,0,2019,0.01,0,1
59318817,0,46,0,2019,11.9,4,1
59343843,0,2345,2,2019,0.07,1,2
59349058,1,1266,1,2019,0.83,0,1
59411681,0,12609,11,2019,6.51,5,2
59567226,0,10902,14,2020,0.3,5,1
59591064,0,186,0,2020,0.01,0,0
59616311,0,448,0,2020,0.01,2,1
59616788,0,1208,0,2020,0.09,5,0
59725112,0,267,0,2020,17.68,5,0
59783956,1,52,0,2020,0.03,0,1
59850162,0,844,1,2020,0.02,0,0
59893850,0,3521,4,2020,159.39,2,1
59918076,0,224,0,2020,0.33,0,1
59918948,0,41,0,2020,0.0,1,0
59922755,0,65,1,2020,0.06,2,1
60125072,1,250,1,2020,0.05,0,1
60200130,0,78,1,2020,47.21,0,1
60377677,0,443,2,2020,0.1,0,0
60400210,0,85,2,2020,166.54,0,0
60655246,0,102,1,2020,0.01,0,1
60665864,1,1198,1,2020,0.0,0,1
60699845,0,1202,2,2020,0.03,0,0
60722864,1,312,1,2020,1.81,0,0
60857193,0,523,0,2020,0.01,0,0
60870008,1,2922,2,2020,0.01,0,1
60975651,0,401,0,2020,0.29,0,1
61003467,1,2752,2,2020,0.58,0,1
61117634,1,1003,1,2020,0.04,0,1
61180882,0,842,0,2020,1.19,1,2
61263103,1,661,1,2020,0.02,1,2
61400122,0,233,2,2020,3.29,0,1
61484844,0,183,2,2020,0.05,0,1
61637571,0,222,1,2020,0.05,1,13
61713122,1,650,0,2020,0.31,0,1
61733814,0,24,0,2020,0.01,0,1
62002348,1,216,3,2020,0.34,0,1
62092147,0,1591,5,2020,6.04,0,1
62150659,1,3587,3,2020,0.0,0,1
62251289,1,1025,1,2020,0.41,1,16
62348605,0,970,1,2020,0.03,0,1
62397028,0,545,2,2020,0.08,1,0
62452614,0,305,1,2020,0.96,2,1
62455485,0,19,1,2020,0.01,0,1
62559382,1,244,1,2020,0.06,0,1
62719190,0,252,0,2020,0.02,1,2
62968562,1,299,0,2020,0.01,0,1
63040954,0,860,0,2020,0.01,0,0
63075594,1,1835,1,2020,0.53,5,0
63092529,1,140,2,2020,0.01,0,1
63213658,1,192,2,2020,0.05,0,1
63382956,0,293,0,2020,0.01,1,0
63415922,0,2678,1,2020,0.33,5,2
63619435,1,2168,2,2020,0.11,0,1
63650770,1,121,-1,2020,0.06,0,1
63738632,1,50,1,2020,0.12,0,1
63830526,0,58,0,2020,8.25,0,1
63880081,1,1744,5,2020,0.01,0,1
63951120,1,245,0,2020,0.06,1,7
63959545,1,22,0,2020,3.23,0,1
64104251,1,764,1,2020,0.29,0,1
64111110,0,174,2,2020,0.1,0,0
64127480,0,102,0,2020,0.01,6,1
64162672,1,345,2,2020,0.64,0,0
64403061,0,3408,3,2020,4.18,0,1
64530828,1,54,1,2020,0.03,0,0
64553148,1,1047,0,2020,0.0,0,1
64648237,0,45,0,2020,1.1,0,0
64699496,0,48,0,2020,0.03,1,16
64720015,0,75,0,2020,0.86,0,1
64874053,0,63,0,2020,0.0,0,1
65068575,0,184,1,2020,0.04,0,1
65126106,1,240,0,2020,0.01,0,0
65358256,1,21,0,2020,0.01,0,1
65385874,1,46,0,2020,0.13,0,1
65446240,0,69,1,2020,0.02,0,1
65470807,1,617,2,2020,0.0,0,1
65515708,1,214,1,2020,0.06,0,1
65565461,1,1181,2,2021,0.1,0,1
65590589,1,574,0,2021,0.02,0,1
65716540,1,25,2,2021,0.13,0,1
65840698,1,682,0,2021,75.52,6,1
65932919,1,162,1,2021,0.05,0,0
65940793,1,210,1,2021,0.02,0,4
65990966,0,67,1,2021,0.11,0,1
65998695,1,1103,2,2021,0.11,1,7
66036375,1,736,2,2021,0.02,0,1
66092848,0,28,0,2021,0.05,0,1
66098758,0,58,0,2021,0.01,0,1
66217552,1,629,1,2021,0.01,0,1
66260432,0,61,0,2021,0.2,0,0
66273177,0,125,-1,2021,0.0,0,1
66379390,0,235,5,2021,0.04,5,0
66384631,1,16,1,2021,0.05,0,0
66422022,1,41,2,2021,0.01,0,1
66453994,0,24,0,2021,0.15,0,1
66523277,0,31,0,2021,0.09,0,1
66553832,1,31,-1,2021,0.0,0,1
66832716,1,74,1,2021,0.57,0,0
66847769,1,99,0,2021,0.31,0,0
66976313,1,232,0,2021,0.51,2,1
67069335,0,167,0,2021,5.66,0,1
67496315,1,119,2,2021,0.06,0,1
67595954,1,133,0,2021,0.26,0,1
67856595,0,48,0,2021,0.0,0,0
68034203,1,65,1,2021,0.0,0,0
68088889,0,125,1,2021,0.37,0,0
68270049,0,62,1,2021,0.02,0,4
68291825,0,35,0,2021,0.05,1,14
68863319,0,27,0,2021,0.31,4,0
68876300,1,24,0,2021,0.01,0,1
69008405,1,18,0,2021,0.03,0,1
33919948,0,109518,108,2015,0.1,1,5
37508771,0,5130,4,2016,8.82,1,4
39740871,0,3994,2,2016,0.06,0,3
41438885,0,40,0,2017,0.04,0,0
41836614,0,2009,1,2017,0.07,0,0
43065143,0,254,0,2017,0.05,1,2
44381394,0,770,0,2017,0.49,1,0
45279799,0,2105,2,2017,38.37,1,2
45380865,0,1236,1,2017,0.02,2,0
46274769,0,273,0,2017,0.01,1,2
46967002,0,1556,1,2017,0.04,0,0
47548302,0,639,0,2017,2.18,1,2
47828095,0,625,2,2017,3.16,2,0
47864509,0,461,2,2017,0.27,2,0
48074158,0,2660,2,2018,0.13,1,2
48324072,0,1643,2,2018,0.14,2,0
48542446,0,1240,1,2018,0.89,1,2
49295734,0,2008,1,2018,1.11,0,0
49698567,0,2021,1,2018,6.09,2,0
49700247,0,1364,6,2018,0.54,2,7
50982781,1,336,1,2018,2.1,0,0
51170644,0,319,0,2018,0.01,1,2
51178041,0,136,1,2018,0.06,1,0
51325660,0,2097,3,2018,76.03,2,11
51388663,0,185,0,2018,0.11,4,0
52096523,0,1837,1,2018,0.0,1,2
52665923,0,870,3,2018,0.08,1,2
52758051,1,1553,3,2018,2.77,1,5
53129544,0,52,1,2018,0.07,0,3
53421999,1,4730,5,2018,68.31,0,0
53571250,0,1441,1,2018,0.03,1,2
54135097,0,189,1,2019,0.15,1,2
54148607,0,1453,1,2019,0.05,1,2
54401949,0,761,0,2019,0.01,1,2
54779529,0,61,0,2019,1.98,1,2
55334026,0,5099,2,2019,0.02,1,2
56553579,0,1679,1,2019,8.14,1,2
56646940,0,4830,4,2019,188.88,1,3
56702210,0,470,1,2019,0.04,0,1
56729579,0,73,1,2019,0.36,1,4
56790275,0,368,1,2019,19.11,1,2
57036374,0,2242,3,2019,36.56,4,6
57152978,0,1734,1,2019,0.43,1,2
57338091,0,5969,1,2019,0.32,0,1
58185671,0,3234,3,2019,76.73,1,0
58276718,0,331,1,2019,9.6,0,0
58434456,0,193,0,2019,0.74,1,4
58527815,0,187,1,2019,0.05,1,2
58597409,0,639,0,2019,0.47,1,2
58785825,0,699,2,2019,0.65,1,2
59044629,1,715,1,2019,0.01,0,0
59420249,0,126,0,2019,29.03,1,2
59475653,0,455,3,2019,6.68,1,4
59596075,1,2459,5,2020,0.05,1,2
60609722,0,388,1,2020,32.78,1,2
60859081,0,240,0,2020,0.69,1,7
60897514,1,1571,1,2020,0.1,1,7
60974077,0,5098,6,2020,1.51,1,2
61561601,0,459,0,2020,302.07,1,2
61630990,0,1946,2,2020,114.24,1,2
61844426,0,633,0,2020,0.69,0,0
62206825,0,532,4,2020,1.17,1,2
62513518,0,1447,3,2020,0.07,0,1
62796445,1,105,-1,2020,0.1,1,2
63514745,0,117,1,2020,0.46,0,1
63952338,0,514,0,2020,0.01,1,2
63953163,0,611,1,2020,0.03,1,2
64521258,0,603,0,2020,0.14,1,2
64729199,1,322,-1,2020,1.14,0,0
65103526,0,1155,3,2020,7.61,0,0
65444740,0,363,0,2020,0.21,1,2
65587336,1,310,0,2021,0.01,1,4
65628836,0,134,1,2021,0.06,0,5
65862711,0,527,2,2021,0.03,4,3
65972172,0,178,0,2021,4.18,1,2
66175881,1,1143,1,2021,5.01,1,2
66689639,1,97,1,2021,0.04,1,2
67305778,0,384,0,2021,0.62,1,2
67874010,0,48,0,2021,0.11,0,1
67968674,0,23,0,2021,0.29,0,1
68064727,0,64,2,2021,2.96,1,7
37107223,0,76319,95,2016,1.53,1,7
38286717,0,74156,67,2016,0.12,1,7
38297193,0,1584,0,2016,0.01,1,5
38527722,0,10442,8,2016,0.0,0,0
42423589,0,2211,2,2017,0.46,1,2
42757775,0,594,1,2017,0.07,1,0
44971349,0,26068,30,2017,0.01,1,0
45323240,1,996,4,2017,22.06,2,1
45662230,0,1551,1,2017,0.0,2,12
46772685,0,8672,21,2017,0.02,2,1
47058092,0,1582,-3,2017,8.8,0,0
47087475,0,4809,2,2017,0.02,0,0
47421215,0,4787,5,2017,0.09,1,2
47737693,0,755,2,2017,648.12,1,11
48324152,1,40456,60,2018,0.01,1,5
48693029,0,624,1,2018,0.03,1,0
48851439,0,1244,2,2018,0.08,4,1
52353702,0,91,1,2018,20.81,1,2
53124809,1,6558,2,2018,3.61,2,8
53125515,0,1198,2,2018,4.79,1,2
53405934,1,2169,3,2018,0.08,4,1
54281724,0,79,1,2019,0.02,1,2
54543595,1,21,0,2019,0.02,1,16
54648053,1,2048,2,2019,0.04,2,1
56841736,0,1057,1,2019,1.13,1,2
57821942,0,27,1,2019,0.21,1,7
58637390,0,1908,1,2019,97.67,1,2
58983045,0,387,1,2019,0.25,1,2
59017288,0,2299,6,2019,0.0,4,1
60285187,0,81,1,2020,2.98,4,1
60291619,0,844,4,2020,169.35,2,1
60312752,1,1148,1,2020,0.19,1,2
61481921,0,277,1,2020,0.0,2,1
65350949,0,458,3,2020,1.15,1,7
66109084,0,1050,3,2021,0.58,1,2
66954249,1,164,0,2021,0.07,1,2
36498127,0,82978,106,2016,0.13,2,1
45536371,0,885,0,2017,0.14,2,1
48495899,0,526,0,2018,0.17,1,2
48560227,1,4014,10,2018,0.32,1,7
55341239,0,72,0,2019,0.01,5,1
50978117,0,6859,4,2018,0.13,4,1
67566751,1,161,0,2021,0.14,1,8
33633370,0,494425,293,2015,0.01,4,0
37718934,0,3491,4,2016,0.25,4,1
40752053,0,2027,2,2016,0.05,1,5
41671817,0,8914,14,2017,0.14,4,0
45032668,0,349,1,2017,0.0,0,1
45863744,0,3471,7,2017,98.86,4,1
51542304,0,2135,2,2018,6.8,4,1
51761311,0,37,0,2018,0.03,2,12
53879727,1,17815,20,2018,0.14,1,0
61942486,0,27,1,2020,0.0,4,4
65454311,0,232,0,2020,0.07,4,6
67009335,0,43,0,2021,0.01,0,3
68543275,1,50,0,2021,0.15,4,1
33784214,0,12429,9,2015,14.32,3,0
33903569,0,5040,5,2015,0.04,0,1
35759220,0,19892,12,2016,5.26,4,1
49564403,0,1292,2,2018,0.01,3,0
68036757,0,40,1,2021,1.26,1,2
68264132,1,42,1,2021,0.01,3,0
39742185,0,304,1,2016,416.62,0,6
58719795,0,366,1,2019,0.0,1,2
62158785,1,536,3,2020,3.75,1,2
65471590,0,125,0,2020,0.12,4,1
66673434,0,82,0,2021,1.16,0,0
66765540,1,115,2,2021,0.04,0,0
66926234,0,60,1,2021,0.03,1,0
67161171,1,156,0,2021,0.1,0,0
67311147,1,54,2,2021,0.17,0,0
68641397,1,17,0,2021,0.02,1,2
51602194,0,6244,4,2018,0.01,0,1
54204186,0,2823,2,2019,0.01,0,1
54207410,0,11330,0,2019,0.02,1,2
57246091,0,2065,5,2019,0.01,0,1
58931078,0,563,5,2019,0.01,0,1
60543598,0,76,2,2020,0.01,0,1
61514670,1,68,2,2020,0.08,0,1
62242433,0,177,0,2020,0.02,0,1
63405139,0,673,0,2020,0.34,1,2
63675583,1,180,0,2020,0.01,0,1
64182501,0,100,1,2020,3.91,1,0
65121614,1,448,0,2020,0.07,0,1
66201690,0,402,0,2021,0.14,0,1
66524054,1,51,1,2021,0.16,1,7
66756790,1,209,1,2021,0.27,0,1
67074115,1,33,0,2021,0.01,0,1
68086675,1,58,1,2021,0.01,0,1
68573682,1,47,2,2021,0.0,0,1
37071788,0,47480,16,2016,0.09,0,1
38314560,0,662,2,2016,0.16,0,1
39148671,0,11675,11,2016,0.01,0,1
40545207,0,263,0,2016,0.02,0,0
43717048,0,517,0,2017,0.39,0,0
44524901,1,108550,79,2017,0.02,0,4
44586777,0,205,-1,2017,0.02,0,0
48117704,0,3608,3,2018,1.0,0,1
48543160,0,608,1,2018,0.03,0,1
53023727,0,281,7,2018,2.91,0,0
53951879,0,338,0,2018,0.42,0,1
54716377,1,70421,54,2019,6.05,2,1
55497333,0,406,0,2019,0.74,0,1
55993677,0,449,1,2019,0.65,0,1
61832658,0,276,0,2020,2.4,1,2
62885470,0,80,2,2020,90.66,1,2
63155127,1,680,0,2020,0.03,0,0
30197510,2,1165,1,2015,1.04,1,0
34314455,0,2829,4,2015,0.05,4,4
34370040,0,1219,2,2015,0.69,0,1
34562115,2,4401,3,2016,0.28,0,1
34959853,0,37713,13,2016,0.39,1,14
34995530,0,1708,1,2016,0.02,2,1
35596629,0,57263,29,2016,0.0,0,0
35689671,0,22413,17,2016,0.01,0,0
35784044,0,9268,2,2016,2.12,0,1
37063577,0,5943,1,2016,0.06,4,0
37682201,0,1860,7,2016,114.18,0,0
39834137,0,5048,3,2016,126.04,0,0
42394585,0,43108,63,2017,0.28,1,3
42488041,0,537,2,2017,3.98,1,2
42946547,0,4624,1,2017,10.39,0,0
43256517,0,4658,11,2017,71.08,2,1
44265969,0,1271,0,2017,0.75,0,1
45585699,0,1745,2,2017,0.2,0,1
46416984,0,11109,11,2017,0.02,3,1
46545986,0,5969,2,2017,0.02,0,1
47305633,0,934,0,2017,15.07,1,7
47389988,0,2730,3,2017,0.01,5,1
48084886,0,373,0,2018,0.05,0,2
48385461,0,999,3,2018,0.97,1,2
49653554,0,2143,1,2018,0.07,0,2
49821733,0,88,0,2018,0.85,0,0
49905773,0,1817,1,2018,1.84,4,1
49994942,0,66,1,2018,0.12,0,0
50030026,0,2969,4,2018,0.09,2,1
50185888,0,364,0,2018,0.42,3,0
50305167,0,880,0,2018,0.03,4,0
50534515,1,1932,1,2018,0.28,0,0
50559586,0,634,2,2018,0.45,0,0
50797807,0,1650,3,2018,0.02,0,1
50820639,0,5478,5,2018,0.09,0,1
50828688,0,2645,0,2018,0.2,1,0
51043758,0,129,1,2018,0.0,1,7
51143639,0,910,1,2018,0.66,1,1
51143808,0,4657,3,2018,0.32,0,1
51261501,0,842,1,2018,0.03,0,0
52572275,0,699,2,2018,0.38,0,1
52921033,0,224,4,2018,0.73,0,1
53212507,1,23829,15,2018,0.15,0,1
53340036,0,709,0,2018,2.2,1,0
53825269,0,435,1,2018,0.08,0,1
54025104,0,393,5,2019,4.3,0,0
54059805,0,992,3,2019,0.18,0,0
54481467,0,465,1,2019,0.02,0,1
54643076,1,4301,0,2019,0.05,0,1
54687497,0,259,1,2019,0.04,0,0
54985037,0,529,0,2019,0.01,0,1
55024604,0,205,1,2019,0.04,0,0
55141076,0,8794,15,2019,27.24,0,0
55281010,0,642,1,2019,0.08,0,1
55363728,0,1864,0,2019,0.86,1,2
55861893,0,2521,2,2019,0.19,0,0
56417975,0,128,0,2019,0.01,5,1
56609185,0,2986,3,2019,0.02,0,0
56655103,0,1824,4,2019,0.06,0,1
56774466,0,344,0,2019,0.01,0,0
57345363,0,69,0,2019,128.43,3,4
57959305,0,199,0,2019,1.0,0,1
58012586,1,2210,1,2019,0.21,0,1
58944587,0,1024,2,2019,0.06,4,1
58984043,1,545,1,2019,0.17,0,0
59234238,1,4739,6,2019,0.01,0,3
59458332,0,1036,2,2019,0.8,1,0
60048292,0,3019,4,2020,0.85,5,1
60845278,0,29,0,2020,0.04,1,16
60942191,0,375,1,2020,3.7,2,0
61187975,0,31,0,2020,1.08,0,1
62490121,0,529,2,2020,0.54,0,0
62912890,0,392,0,2020,0.02,1,2
63432215,0,194,5,2020,3.43,0,1
63598159,0,1188,1,2020,1.1,0,0
63717207,0,294,2,2020,0.03,1,2
63788015,0,404,0,2020,0.09,0,0
63874486,0,263,1,2020,0.05,1,0
64118928,0,1279,1,2020,0.05,1,2
64120533,0,790,0,2020,2.09,1,1
64246466,0,111,4,2020,0.02,0,1
64629681,0,53,0,2020,87.42,2,10
64851774,0,135,0,2020,0.51,0,1
65150674,0,36,0,2020,1.76,0,1
65233132,0,131,0,2020,0.11,2,1
65393593,0,250,1,2020,0.11,1,2
65508868,0,398,1,2020,6.71,1,16
65930567,0,33,0,2021,0.02,1,2
66103930,1,66,2,2021,0.02,0,1
66266916,0,394,1,2021,0.07,1,2
66316981,0,68,1,2021,0.02,6,1
66685673,0,200,0,2021,0.01,0,1
66782065,0,21,0,2021,0.01,0,1
35175032,0,3209,3,2016,0.2,0,1
35306191,0,557,1,2016,4.04,4,0
35339482,0,4458,2,2016,0.11,0,1
35495851,0,1698,2,2016,0.03,1,2
35835989,0,1460,5,2016,57.26,1,0
36088277,0,10951,6,2016,0.02,0,1
36498416,2,1622,0,2016,0.14,0,1
36501853,2,97,2,2016,2.74,1,7
36640174,0,383,4,2016,0.05,0,1
37425401,2,960,3,2016,0.01,0,1
37511148,0,3684,1,2016,2.09,4,0
38514367,0,1152,3,2016,0.82,0,1
39297694,0,1268,2,2016,0.06,0,0
39395594,0,2396,5,2016,3.16,0,0
40331510,0,52101,78,2016,0.47,1,2
40986485,0,636,1,2016,0.5,0,0
41399528,2,199,0,2016,13.78,0,0
41912334,0,54,1,2017,0.13,0,1
42032517,0,1958,3,2017,3.14,0,1
42161916,0,10615,6,2017,0.02,0,0
42188563,2,232,1,2017,8.98,1,7
42520418,0,1421,0,2017,0.05,0,1
42710897,0,14408,10,2017,0.04,0,1
43364985,0,4853,3,2017,0.11,2,1
43702323,0,25615,31,2017,0.12,1,7
43935609,0,1840,0,2017,0.12,1,7
44557870,0,187,1,2017,0.07,0,0
44821627,0,157,1,2017,0.19,0,1
45725655,0,42,0,2017,0.19,0,1
45878189,0,415,1,2017,3.47,0,0
46102671,0,361,3,2017,0.05,4,6
46238408,0,4842,3,2017,0.09,0,1
46460909,0,2330,1,2017,0.15,0,1
46469851,0,2081,0,2017,0.01,0,1
46872980,0,143,0,2017,0.2,1,7
46994477,0,753,1,2017,0.41,0,1
47014709,0,250,0,2017,0.19,1,2
47319291,0,1384,0,2017,0.14,0,0
47669876,0,1625,3,2017,0.1,1,2
50174962,0,1080,1,2018,0.02,0,1
51754789,1,34,0,2018,0.7,1,7
52012657,0,11905,15,2018,0.0,1,13
52026877,0,1869,3,2018,0.02,0,1
52446965,0,1202,2,2018,4.05,1,7
52627739,0,4250,11,2018,0.07,1,2
52960707,0,59,1,2018,0.01,0,1
53018210,0,125,0,2018,0.35,1,7
53562417,1,23758,11,2018,0.43,0,1
55237112,0,501,1,2019,0.03,1,0
55322754,0,13457,8,2019,0.14,1,7
55399197,0,2415,1,2019,0.07,0,1
55900608,0,986,0,2019,0.13,1,2
55964143,0,211,1,2019,0.09,1,13
56101779,1,601,0,2019,0.22,0,1
56140570,0,67,1,2019,1.35,0,1
56164949,1,331,0,2019,1.8,0,1
56230511,0,779,0,2019,0.68,1,2
56433728,0,67,0,2019,5.19,5,0
56513978,0,999,1,2019,0.07,0,1
56572447,0,67,1,2019,0.33,0,1
56673546,0,387,1,2019,0.1,0,1
56696826,0,339,1,2019,0.1,0,1
56708298,0,48,0,2019,0.03,0,1
56832744,0,174,1,2019,0.02,0,0
56946995,0,11125,14,2019,0.19,1,2
57112278,0,2540,3,2019,0.05,0,0
57202717,0,108,2,2019,0.01,0,1
57454529,0,1229,1,2019,0.04,0,1
57486135,0,149,0,2019,0.77,0,1
57537288,0,1532,1,2019,0.02,0,0
57671421,0,169,2,2019,0.03,1,0
57768685,0,701,3,2019,0.03,0,0
57840199,0,286,0,2019,0.02,1,0
57896357,1,12084,14,2019,0.02,0,1
57998816,1,91,2,2019,0.48,0,0
58066803,0,51,0,2019,0.05,0,1
58172188,1,3086,3,2019,0.1,1,2
58173427,0,273,0,2019,0.23,0,1
58268854,0,380,0,2019,0.08,0,1
58421182,0,477,2,2019,0.07,0,1
58477022,0,2620,1,2019,5.96,0,1
